DataZone,DZName,LAName,IncRate,HlthEmergS,CrimeRate,HouseNCrat
S01008417,Balerno and Bonnington Village - 01,City of Edinburgh,"5",56,86,"1"
S01008418,Balerno and Bonnington Village - 02,City of Edinburgh,"2",72,103,"1"
S01008419,Balerno and Bonnington Village - 03,City of Edinburgh,"5",72,187,"0"
S01008420,Balerno and Bonnington Village - 04,City of Edinburgh,"2",97,109,"0"
S01008421,Balerno and Bonnington Village - 05,City of Edinburgh,"10",103,264,"1"
S01008422,Balerno and Bonnington Village - 06,City of Edinburgh,"1",71,99,"1"
S01008423,Balerno and Bonnington Village - 07,City of Edinburgh,"1",66,65,"0"
S01008424,Balerno and Bonnington Village - 08,City of Edinburgh,"2",55,0,"0"
S01008425,Currie West - 01,City of Edinburgh,"1",43,50,"1"
S01008426,Currie West - 02,City of Edinburgh,"8",99,118,"1"
S01008427,Currie West - 03,City of Edinburgh,"1",60,28,"0"
S01008428,Currie West - 04,City of Edinburgh,"8",97,131,"1"
S01008429,Currie East - 01,City of Edinburgh,"2",66,210,"1"
S01008430,Currie East - 02,City of Edinburgh,"5",67,293,"1"
S01008431,Currie East - 03,City of Edinburgh,"3",72,123,"0"
S01008432,Currie East - 04,City of Edinburgh,"1",79,134,"0"
S01008433,Baberton and Juniper Green - 01,City of Edinburgh,"3",62,151,"1"
S01008434,Baberton and Juniper Green - 02,City of Edinburgh,"3",71,226,"2"
S01008435,Baberton and Juniper Green - 03,City of Edinburgh,"1",59,282,"1"
S01008436,Baberton and Juniper Green - 04,City of Edinburgh,"3",60,92,"0"
S01008437,Baberton and Juniper Green - 05,City of Edinburgh,"4",69,119,"2"
S01008438,Bonaly and The Pentlands - 01,City of Edinburgh,"3",65,335,"0"
S01008439,Bonaly and The Pentlands - 02,City of Edinburgh,"2",53,42,"0"
S01008440,Bonaly and The Pentlands - 03,City of Edinburgh,"2",55,132,"0"
S01008441,Bonaly and The Pentlands - 04,City of Edinburgh,"1",49,85,"2"
S01008442,Bonaly and The Pentlands - 05,City of Edinburgh,"1",44,130,"2"
S01008443,Bonaly and The Pentlands - 06,City of Edinburgh,"3",57,246,"1"
S01008444,Colinton and Kingsknowe - 01,City of Edinburgh,"3",62,186,"1"
S01008445,Colinton and Kingsknowe - 02,City of Edinburgh,"6",99,147,"1"
S01008446,Colinton and Kingsknowe - 03,City of Edinburgh,"1",54,60,"0"
S01008447,Colinton and Kingsknowe - 04,City of Edinburgh,"1",58,55,"2"
S01008448,Colinton and Kingsknowe - 05,City of Edinburgh,"2",51,80,"0"
S01008449,Clovenstone and Wester Hailes - 01,City of Edinburgh,"24",128,152,"2"
S01008450,Clovenstone and Wester Hailes - 02,City of Edinburgh,"23",103,507,"2"
S01008451,Clovenstone and Wester Hailes - 03,City of Edinburgh,"28",109,951,"1"
S01008452,Clovenstone and Wester Hailes - 04,City of Edinburgh,"33",121,629,"1"
S01008453,Clovenstone and Wester Hailes - 05,City of Edinburgh,"11",98,161,"1"
S01008454,The Calders - 01,City of Edinburgh,"27",120,291,"2"
S01008455,The Calders - 02,City of Edinburgh,"23",101,544,"0"
S01008456,The Calders - 03,City of Edinburgh,"31",144,671,"3"
S01008457,The Calders - 04,City of Edinburgh,"22",123,482,"1"
S01008458,The Calders - 05,City of Edinburgh,"12",87,245,"2"
S01008459,Murrayburn and Wester Hailes North - 01,City of Edinburgh,"28",141,1967,"5"
S01008460,Murrayburn and Wester Hailes North - 02,City of Edinburgh,"36",139,934,"0"
S01008461,Murrayburn and Wester Hailes North - 03,City of Edinburgh,"31",129,1185,"2"
S01008462,Murrayburn and Wester Hailes North - 04,City of Edinburgh,"32",139,347,"0"
S01008463,Murrayburn and Wester Hailes North - 05,City of Edinburgh,"31",130,738,"1"
S01008464,Parkhead and Sighthill - 01,City of Edinburgh,"8",76,224,"4"
S01008465,Parkhead and Sighthill - 02,City of Edinburgh,"9",83,526,"3"
S01008466,Parkhead and Sighthill - 03,City of Edinburgh,"7",93,340,"2"
S01008467,Parkhead and Sighthill - 04,City of Edinburgh,"11",110,214,"2"
S01008468,Broomhouse and Bankhead - 01,City of Edinburgh,"10",87,609,"1"
S01008469,Broomhouse and Bankhead - 02,City of Edinburgh,"11",92,485,"1"
S01008470,Broomhouse and Bankhead - 03,City of Edinburgh,"23",139,307,"2"
S01008471,Broomhouse and Bankhead - 04,City of Edinburgh,"26",147,538,"1"
S01008472,Broomhouse and Bankhead - 05,City of Edinburgh,"21",90,293,"1"
S01008473,Stenhouse and Saughton Mains - 01,City of Edinburgh,"22",107,816,"2"
S01008474,Stenhouse and Saughton Mains - 02,City of Edinburgh,"25",112,691,"3"
S01008475,Stenhouse and Saughton Mains - 03,City of Edinburgh,"17",115,1002,"0"
S01008476,Stenhouse and Saughton Mains - 04,City of Edinburgh,"17",108,433,"1"
S01008477,Stenhouse and Saughton Mains - 05,City of Edinburgh,"17",115,243,"1"
S01008478,Stenhouse and Saughton Mains - 06,City of Edinburgh,"18",111,456,"1"
S01008479,Stenhouse and Saughton Mains - 07,City of Edinburgh,"15",121,607,"1"
S01008480,Stenhouse and Saughton Mains - 08,City of Edinburgh,"13",99,822,"0"
S01008481,Longstone and Saughton - 01,City of Edinburgh,"10",131,1251,"2"
S01008482,Longstone and Saughton - 02,City of Edinburgh,"16",105,228,"4"
S01008483,Longstone and Saughton - 03,City of Edinburgh,"19",118,381,"1"
S01008484,Longstone and Saughton - 04,City of Edinburgh,"7",94,167,"3"
S01008485,Longstone and Saughton - 05,City of Edinburgh,"4",66,152,"1"
S01008486,Slateford and Chesser - 01,City of Edinburgh,"13",102,623,"1"
S01008487,Slateford and Chesser - 02,City of Edinburgh,"3",59,499,"2"
S01008488,Slateford and Chesser - 03,City of Edinburgh,"11",89,319,"2"
S01008489,Slateford and Chesser - 04,City of Edinburgh,"11",93,183,"3"
S01008490,Slateford and Chesser - 05,City of Edinburgh,"9",78,478,"6"
S01008491,Slateford and Chesser - 06,City of Edinburgh,"7",82,257,"5"
S01008492,Gorgie West - 01,City of Edinburgh,"12",93,166,"4"
S01008493,Gorgie West - 02,City of Edinburgh,"11",101,616,"3"
S01008494,Gorgie West - 03,City of Edinburgh,"13",94,831,"15"
S01008495,Gorgie West - 04,City of Edinburgh,"7",56,282,"17"
S01008496,Gorgie West - 05,City of Edinburgh,"7",70,316,"20"
S01008497,Gorgie East - 01,City of Edinburgh,"6",56,172,"20"
S01008498,Gorgie East - 02,City of Edinburgh,"11",73,387,"14"
S01008499,Gorgie East - 03,City of Edinburgh,"8",58,209,"12"
S01008500,Gorgie East - 04,City of Edinburgh,"21",173,459,"2"
S01008501,Gorgie East - 05,City of Edinburgh,"5",38,92,"2"
S01008502,Shandon - 01,City of Edinburgh,"2",30,211,"7"
S01008503,Shandon - 02,City of Edinburgh,"3",42,139,"5"
S01008504,Shandon - 03,City of Edinburgh,"2",42,199,"4"
S01008505,Shandon - 04,City of Edinburgh,"2",64,42,"3"
S01008506,Shandon - 05,City of Edinburgh,"3",69,110,"4"
S01008507,Shandon - 06,City of Edinburgh,"3",55,231,"3"
S01008508,Craiglockhart - 01,City of Edinburgh,"1",51,116,"1"
S01008509,Craiglockhart - 02,City of Edinburgh,"2",58,237,"1"
S01008510,Craiglockhart - 03,City of Edinburgh,"2",51,235,"1"
S01008511,Craiglockhart - 04,City of Edinburgh,"1",60,377,"1"
S01008512,Craiglockhart - 05,City of Edinburgh,"0",53,175,"0"
S01008513,Craiglockhart - 06,City of Edinburgh,"1",59,113,"1"
S01008514,Morningside and Craighouse - 01,City of Edinburgh,"3",60,204,"1"
S01008515,Morningside and Craighouse - 02,City of Edinburgh,"2",50,186,"2"
S01008516,Morningside and Craighouse - 03,City of Edinburgh,"5",61,133,"10"
S01008517,Morningside and Craighouse - 04,City of Edinburgh,"3",49,111,"2"
S01008518,Morningside and Craighouse - 05,City of Edinburgh,"1",60,112,"2"
S01008519,Greenbank and The Braids - 01,City of Edinburgh,"1",64,109,"2"
S01008520,Greenbank and The Braids - 02,City of Edinburgh,"1",61,167,"0"
S01008521,Greenbank and The Braids - 03,City of Edinburgh,"2",48,100,"0"
S01008522,Greenbank and The Braids - 04,City of Edinburgh,"1",44,98,"0"
S01008523,Greenbank and The Braids - 05,City of Edinburgh,"1",45,81,"1"
S01008524,Colinton Mains and Firrhill - 01,City of Edinburgh,"23",128,367,"4"
S01008525,Colinton Mains and Firrhill - 02,City of Edinburgh,"21",94,494,"2"
S01008526,Colinton Mains and Firrhill - 03,City of Edinburgh,"12",79,697,"3"
S01008527,Colinton Mains and Firrhill - 04,City of Edinburgh,"6",62,178,"2"
S01008528,Colinton Mains and Firrhill - 05,City of Edinburgh,"8",57,161,"2"
S01008529,Oxgangs - 01,City of Edinburgh,"9",87,220,"5"
S01008530,Oxgangs - 02,City of Edinburgh,"30",105,644,"4"
S01008531,Oxgangs - 03,City of Edinburgh,"17",90,361,"3"
S01008532,Oxgangs - 04,City of Edinburgh,"18",100,372,"3"
S01008533,Comiston and Swanston - 01,City of Edinburgh,"4",102,707,"0"
S01008534,Comiston and Swanston - 02,City of Edinburgh,"2",68,176,"0"
S01008535,Comiston and Swanston - 03,City of Edinburgh,"1",71,99,"0"
S01008536,Comiston and Swanston - 04,City of Edinburgh,"2",75,193,"1"
S01008537,Comiston and Swanston - 05,City of Edinburgh,"0",50,46,"1"
S01008538,Comiston and Swanston - 06,City of Edinburgh,"1",68,121,"2"
S01008539,Comiston and Swanston - 07,City of Edinburgh,"2",52,293,"2"
S01008540,Comiston and Swanston - 08,City of Edinburgh,"1",47,226,"1"
S01008541,Fairmilehead - 01,City of Edinburgh,"2",43,99,"1"
S01008542,Fairmilehead - 02,City of Edinburgh,"1",52,145,"1"
S01008543,Fairmilehead - 03,City of Edinburgh,"2",48,95,"1"
S01008544,Fairmilehead - 04,City of Edinburgh,"2",33,92,"2"
S01008545,Fairmilehead - 05,City of Edinburgh,"1",59,0,"0"
S01008546,Fairmilehead - 06,City of Edinburgh,"1",48,90,"0"
S01008547,Gilmerton South and the Murrays - 01,City of Edinburgh,"4",78,110,"1"
S01008548,Gilmerton South and the Murrays - 02,City of Edinburgh,"7",78,106,"1"
S01008549,Gilmerton South and the Murrays - 03,City of Edinburgh,"6",87,207,"2"
S01008550,Mortonhall and Anwickhill - 01,City of Edinburgh,"4",57,0,"2"
S01008551,Mortonhall and Anwickhill - 02,City of Edinburgh,"5",73,222,"2"
S01008552,Mortonhall and Anwickhill - 03,City of Edinburgh,"3",74,153,"1"
S01008553,"Gracemount, Southhouse and Burdiehouse - 01",City of Edinburgh,"13",92,366,"1"
S01008554,"Gracemount, Southhouse and Burdiehouse - 02",City of Edinburgh,"25",124,306,"1"
S01008555,"Gracemount, Southhouse and Burdiehouse - 03",City of Edinburgh,"24",144,524,"2"
S01008556,"Gracemount, Southhouse and Burdiehouse - 04",City of Edinburgh,"21",124,331,"2"
S01008557,"Gracemount, Southhouse and Burdiehouse - 05",City of Edinburgh,"20",128,743,"3"
S01008558,"Gracemount, Southhouse and Burdiehouse - 06",City of Edinburgh,"21",120,511,"4"
S01008559,Hyvots and Gilmerton - 01,City of Edinburgh,"11",111,243,"3"
S01008560,Hyvots and Gilmerton - 02,City of Edinburgh,"18",118,374,"2"
S01008561,Hyvots and Gilmerton - 03,City of Edinburgh,"9",116,388,"2"
S01008562,Hyvots and Gilmerton - 04,City of Edinburgh,"29",188,254,"1"
S01008563,Hyvots and Gilmerton - 05,City of Edinburgh,"19",128,512,"2"
S01008564,Fernieside and Moredun South - 01,City of Edinburgh,"14",148,95,"3"
S01008565,Fernieside and Moredun South - 02,City of Edinburgh,"24",130,586,"1"
S01008566,Fernieside and Moredun South - 03,City of Edinburgh,"18",112,795,"1"
S01008567,Fernieside and Moredun South - 04,City of Edinburgh,"17",127,337,"0"
S01008568,Fernieside and Moredun South - 05,City of Edinburgh,"7",99,385,"2"
S01008569,Moredun and Craigour - 01,City of Edinburgh,"38",148,963,"2"
S01008570,Moredun and Craigour - 02,City of Edinburgh,"25",148,452,"2"
S01008571,Moredun and Craigour - 03,City of Edinburgh,"16",112,1212,"0"
S01008572,Moredun and Craigour - 04,City of Edinburgh,"13",89,240,"1"
S01008573,Liberton East - 01,City of Edinburgh,"4",65,178,"0"
S01008574,Liberton East - 02,City of Edinburgh,"3",93,134,"1"
S01008575,Liberton East - 03,City of Edinburgh,"2",46,123,"0"
S01008576,Liberton East - 04,City of Edinburgh,"4",74,136,"2"
S01008577,Liberton West and Braid Hills - 01,City of Edinburgh,"7",85,419,"0"
S01008578,Liberton West and Braid Hills - 02,City of Edinburgh,"4",47,218,"1"
S01008579,Liberton West and Braid Hills - 03,City of Edinburgh,"5",74,264,"2"
S01008580,Liberton West and Braid Hills - 04,City of Edinburgh,"9",84,184,"3"
S01008581,The Inch - 01,City of Edinburgh,"21",121,316,"3"
S01008582,The Inch - 02,City of Edinburgh,"17",95,376,"2"
S01008583,The Inch - 03,City of Edinburgh,"16",108,334,"1"
S01008584,The Inch - 04,City of Edinburgh,"14",88,209,"2"
S01008585,The Inch - 05,City of Edinburgh,"22",99,315,"2"
S01008586,The Inch - 06,City of Edinburgh,"15",122,299,"3"
S01008587,"Blackford, West Mains and Mayfield Road - 01",City of Edinburgh,"5",70,490,"1"
S01008588,"Blackford, West Mains and Mayfield Road - 02",City of Edinburgh,"2",62,70,"1"
S01008589,"Blackford, West Mains and Mayfield Road - 03",City of Edinburgh,"7",78,208,"0"
S01008590,"Blackford, West Mains and Mayfield Road - 04",City of Edinburgh,"2",59,99,"1"
S01008591,"Blackford, West Mains and Mayfield Road - 05",City of Edinburgh,"4",59,105,"1"
S01008592,"Blackford, West Mains and Mayfield Road - 06",City of Edinburgh,"6",78,124,"2"
S01008593,"Blackford, West Mains and Mayfield Road - 07",City of Edinburgh,"1",60,398,"1"
S01008594,"Blackford, West Mains and Mayfield Road - 08",City of Edinburgh,"3",55,255,"2"
S01008595,Prestonfield - 01,City of Edinburgh,"21",126,427,"1"
S01008596,Prestonfield - 02,City of Edinburgh,"14",108,216,"1"
S01008597,Prestonfield - 03,City of Edinburgh,"3",70,132,"1"
S01008598,Prestonfield - 04,City of Edinburgh,"5",75,76,"2"
S01008599,Newington and Dalkeith Road - 01,City of Edinburgh,"1",42,442,"1"
S01008600,Newington and Dalkeith Road - 02,City of Edinburgh,"4",46,143,"4"
S01008601,Newington and Dalkeith Road - 03,City of Edinburgh,"1",65,85,"2"
S01008602,Newington and Dalkeith Road - 04,City of Edinburgh,"6",71,122,"3"
S01008603,Newington and Dalkeith Road - 05,City of Edinburgh,"6",70,82,"7"
S01008604,The Grange - 01,City of Edinburgh,"3",44,117,"2"
S01008605,The Grange - 02,City of Edinburgh,"3",33,175,"5"
S01008606,The Grange - 03,City of Edinburgh,"2",60,205,"1"
S01008607,The Grange - 04,City of Edinburgh,"3",60,248,"0"
S01008608,The Grange - 05,City of Edinburgh,"3",65,181,"1"
S01008609,The Grange - 06,City of Edinburgh,"3",53,118,"2"
S01008610,The Grange - 07,City of Edinburgh,"4",84,253,"2"
S01008611,Marchmont East and Sciennes - 01,City of Edinburgh,"2",37,134,"7"
S01008612,Marchmont East and Sciennes - 02,City of Edinburgh,"4",61,56,"4"
S01008613,Marchmont East and Sciennes - 03,City of Edinburgh,"3",59,265,"3"
S01008614,Marchmont East and Sciennes - 04,City of Edinburgh,"5",61,83,"4"
S01008615,Marchmont East and Sciennes - 05,City of Edinburgh,"2",49,151,"4"
S01008616,Marchmont East and Sciennes - 06,City of Edinburgh,"2",56,80,"3"
S01008617,Marchmont West - 01,City of Edinburgh,"1",60,116,"1"
S01008618,Marchmont West - 02,City of Edinburgh,"1",49,122,"2"
S01008619,Marchmont West - 03,City of Edinburgh,"4",43,0,"2"
S01008620,Marchmont West - 04,City of Edinburgh,"1",41,178,"2"
S01008621,Marchmont West - 05,City of Edinburgh,"1",35,93,"3"
S01008622,Marchmont West - 06,City of Edinburgh,"0",42,79,"3"
S01008623,Marchmont West - 07,City of Edinburgh,"2",39,196,"1"
S01008624,Morningside - 01,City of Edinburgh,"5",54,165,"1"
S01008625,Morningside - 02,City of Edinburgh,"3",61,234,"1"
S01008626,Morningside - 03,City of Edinburgh,"1",38,150,"1"
S01008627,Morningside - 04,City of Edinburgh,"1",37,351,"1"
S01008628,Morningside - 05,City of Edinburgh,"5",56,109,"2"
S01008629,Morningside - 06,City of Edinburgh,"3",45,47,"3"
S01008630,Morningside - 07,City of Edinburgh,"3",55,351,"4"
S01008631,Morningside - 08,City of Edinburgh,"3",37,84,"6"
S01008632,Merchiston and Greenhill - 01,City of Edinburgh,"9",87,508,"5"
S01008633,Merchiston and Greenhill - 02,City of Edinburgh,"3",72,149,"2"
S01008634,Merchiston and Greenhill - 03,City of Edinburgh,"2",45,225,"3"
S01008635,Merchiston and Greenhill - 04,City of Edinburgh,"2",58,338,"1"
S01008636,Merchiston and Greenhill - 05,City of Edinburgh,"1",55,311,"2"
S01008637,Merchiston and Greenhill - 06,City of Edinburgh,"1",65,178,"3"
S01008638,Bruntsfield - 01,City of Edinburgh,"8",82,92,"2"
S01008639,Bruntsfield - 02,City of Edinburgh,"5",54,176,"5"
S01008640,Bruntsfield - 03,City of Edinburgh,"1",47,185,"2"
S01008641,Bruntsfield - 04,City of Edinburgh,"1",41,85,"3"
S01008642,Bruntsfield - 05,City of Edinburgh,"2",43,307,"3"
S01008643,Bruntsfield - 06,City of Edinburgh,"3",52,143,"4"
S01008644,Bruntsfield - 07,City of Edinburgh,"8",56,49,"5"
S01008645,Polwarth - 01,City of Edinburgh,"4",59,48,"2"
S01008646,Polwarth - 02,City of Edinburgh,"3",58,211,"8"
S01008647,Polwarth - 03,City of Edinburgh,"4",58,122,"8"
S01008648,Polwarth - 04,City of Edinburgh,"6",60,468,"6"
S01008649,Polwarth - 05,City of Edinburgh,"7",69,51,"14"
S01008650,Polwarth - 06,City of Edinburgh,"8",55,198,"16"
S01008651,Dalry and Fountainbridge - 01,City of Edinburgh,"6",68,298,"10"
S01008652,Dalry and Fountainbridge - 02,City of Edinburgh,"17",75,774,"17"
S01008653,Dalry and Fountainbridge - 03,City of Edinburgh,"11",71,399,"9"
S01008654,Dalry and Fountainbridge - 04,City of Edinburgh,"11",56,395,"14"
S01008655,Dalry and Fountainbridge - 05,City of Edinburgh,"6",112,498,"6"
S01008656,Dalry and Fountainbridge - 06,City of Edinburgh,"16",94,276,"13"
S01008657,Dalry and Fountainbridge - 07,City of Edinburgh,"10",64,460,"6"
S01008658,Dalry and Fountainbridge - 08,City of Edinburgh,"9",73,306,"8"
S01008659,Tollcross - 01,City of Edinburgh,"10",90,674,"5"
S01008660,Tollcross - 02,City of Edinburgh,"4",57,2028,"3"
S01008661,Tollcross - 03,City of Edinburgh,"9",61,591,"10"
S01008662,Tollcross - 04,City of Edinburgh,"10",67,420,"6"
S01008663,Tollcross - 05,City of Edinburgh,"9",104,1135,"9"
S01008664,Tollcross - 06,City of Edinburgh,"6",62,527,"9"
S01008665,Tollcross - 07,City of Edinburgh,"8",52,344,"8"
S01008666,Meadows and Southside - 01,City of Edinburgh,"2",45,266,"5"
S01008667,Meadows and Southside - 02,City of Edinburgh,"6",55,815,"3"
S01008668,Meadows and Southside - 03,City of Edinburgh,"3",33,137,"12"
S01008669,Meadows and Southside - 04,City of Edinburgh,"2",33,299,"1"
S01008670,Meadows and Southside - 05,City of Edinburgh,"2",51,552,"4"
S01008671,Meadows and Southside - 06,City of Edinburgh,"5",44,224,"7"
S01008672,Meadows and Southside - 07,City of Edinburgh,"3",59,415,"6"
S01008673,Meadows and Southside - 08,City of Edinburgh,"7",58,679,"7"
S01008674,"Old Town, Princes Street and Leith Street - 01",City of Edinburgh,"5",44,1809,"10"
S01008675,"Old Town, Princes Street and Leith Street - 02",City of Edinburgh,"9",83,781,"12"
S01008676,"Old Town, Princes Street and Leith Street - 03",City of Edinburgh,"7",95,3750,"4"
S01008677,"Old Town, Princes Street and Leith Street - 04",City of Edinburgh,"8",60,7035,"10"
S01008678,"Old Town, Princes Street and Leith Street - 05",City of Edinburgh,"7",59,1266,"7"
S01008679,"Old Town, Princes Street and Leith Street - 06",City of Edinburgh,"17",108,2294,"5"
S01008680,"Canongate, Southside and Dumbiedykes - 01",City of Edinburgh,"6",69,1129,"9"
S01008681,"Canongate, Southside and Dumbiedykes - 02",City of Edinburgh,"10",64,1151,"2"
S01008682,"Canongate, Southside and Dumbiedykes - 03",City of Edinburgh,"9",67,313,"6"
S01008683,"Canongate, Southside and Dumbiedykes - 04",City of Edinburgh,"12",69,414,"6"
S01008684,"Canongate, Southside and Dumbiedykes - 05",City of Edinburgh,"16",72,637,"7"
S01008685,"Canongate, Southside and Dumbiedykes - 06",City of Edinburgh,"8",81,451,"6"
S01008686,Abbeyhill - 01,City of Edinburgh,"15",99,364,"8"
S01008687,Abbeyhill - 02,City of Edinburgh,"8",48,86,"17"
S01008688,Abbeyhill - 03,City of Edinburgh,"9",43,235,"10"
S01008689,Meadowbank and Abbeyhill North - 01,City of Edinburgh,"7",76,336,"14"
S01008690,Meadowbank and Abbeyhill North - 02,City of Edinburgh,"4",57,207,"8"
S01008691,Meadowbank and Abbeyhill North - 03,City of Edinburgh,"10",58,478,"13"
S01008692,Meadowbank and Abbeyhill North - 04,City of Edinburgh,"8",58,198,"7"
S01008693,Meadowbank and Abbeyhill North - 05,City of Edinburgh,"4",67,156,"1"
S01008694,Willowbrae and Duddingston Village - 01,City of Edinburgh,"5",58,147,"7"
S01008695,Willowbrae and Duddingston Village - 02,City of Edinburgh,"7",69,347,"3"
S01008696,Willowbrae and Duddingston Village - 03,City of Edinburgh,"2",53,48,"3"
S01008697,Willowbrae and Duddingston Village - 04,City of Edinburgh,"3",62,224,"2"
S01008698,Willowbrae and Duddingston Village - 05,City of Edinburgh,"2",95,342,"0"
S01008699,Willowbrae and Duddingston Village - 06,City of Edinburgh,"17",93,210,"4"
S01008700,Willowbrae and Duddingston Village - 07,City of Edinburgh,"2",65,430,"3"
S01008701,Craigmillar - 01,City of Edinburgh,"23",129,402,"1"
S01008702,Craigmillar - 02,City of Edinburgh,"15",53,844,"3"
S01008703,Craigmillar - 03,City of Edinburgh,"34",138,467,"2"
S01008704,Craigmillar - 04,City of Edinburgh,"15",136,1556,"1"
S01008705,Craigmillar - 05,City of Edinburgh,"26",107,600,"0"
S01008706,Niddrie - 01,City of Edinburgh,"28",123,482,"0"
S01008707,Niddrie - 02,City of Edinburgh,"40",129,404,"1"
S01008708,Niddrie - 03,City of Edinburgh,"34",147,505,"5"
S01008709,Niddrie - 04,City of Edinburgh,"26",115,359,"2"
S01008710,Niddrie - 05,City of Edinburgh,"30",121,874,"1"
S01008711,Niddrie - 06,City of Edinburgh,"27",112,671,"2"
S01008712,"Bingham, Magdalene and The Christians - 01",City of Edinburgh,"36",135,541,"1"
S01008713,"Bingham, Magdalene and The Christians - 02",City of Edinburgh,"36",133,333,"3"
S01008714,"Bingham, Magdalene and The Christians - 03",City of Edinburgh,"17",119,377,"4"
S01008715,"Bingham, Magdalene and The Christians - 04",City of Edinburgh,"21",112,571,"3"
S01008716,"Bingham, Magdalene and The Christians - 05",City of Edinburgh,"21",108,250,"1"
S01008717,"Jewel, Brunstane and Newcraighall - 01",City of Edinburgh,"10",80,284,"1"
S01008718,"Jewel, Brunstane and Newcraighall - 02",City of Edinburgh,"6",74,326,"4"
S01008719,"Jewel, Brunstane and Newcraighall - 03",City of Edinburgh,"10",92,261,"2"
S01008720,"Jewel, Brunstane and Newcraighall - 04",City of Edinburgh,"9",99,454,"4"
S01008721,"Jewel, Brunstane and Newcraighall - 05",City of Edinburgh,"2",60,183,"1"
S01008722,Joppa - 01,City of Edinburgh,"7",89,259,"2"
S01008723,Joppa - 02,City of Edinburgh,"5",54,113,"1"
S01008724,Joppa - 03,City of Edinburgh,"4",77,158,"1"
S01008725,Joppa - 04,City of Edinburgh,"5",82,199,"3"
S01008726,Joppa - 05,City of Edinburgh,"1",51,255,"1"
S01008727,Joppa - 06,City of Edinburgh,"5",59,203,"4"
S01008728,Portobello - 01,City of Edinburgh,"14",83,285,"3"
S01008729,Portobello - 02,City of Edinburgh,"4",71,457,"3"
S01008730,Portobello - 03,City of Edinburgh,"13",64,199,"9"
S01008731,Portobello - 04,City of Edinburgh,"14",89,535,"3"
S01008732,Portobello - 05,City of Edinburgh,"17",89,317,"6"
S01008733,Portobello - 06,City of Edinburgh,"7",76,383,"11"
S01008734,Duddingston and Portobello South - 01,City of Edinburgh,"7",62,349,"1"
S01008735,Duddingston and Portobello South - 02,City of Edinburgh,"2",56,361,"0"
S01008736,Duddingston and Portobello South - 03,City of Edinburgh,"7",90,329,"1"
S01008737,Duddingston and Portobello South - 04,City of Edinburgh,"2",66,197,"1"
S01008738,Duddingston and Portobello South - 05,City of Edinburgh,"3",51,201,"0"
S01008739,Mountcastle - 01,City of Edinburgh,"7",66,354,"1"
S01008740,Mountcastle - 02,City of Edinburgh,"3",61,165,"3"
S01008741,Mountcastle - 03,City of Edinburgh,"3",66,248,"1"
S01008742,Mountcastle - 04,City of Edinburgh,"9",94,419,"3"
S01008743,Northfield and Piershill - 01,City of Edinburgh,"17",118,980,"4"
S01008744,Northfield and Piershill - 02,City of Edinburgh,"11",95,231,"1"
S01008745,Northfield and Piershill - 03,City of Edinburgh,"3",51,176,"3"
S01008746,Northfield and Piershill - 04,City of Edinburgh,"22",98,334,"5"
S01008747,Craigentinny - 01,City of Edinburgh,"3",71,60,"0"
S01008748,Craigentinny - 02,City of Edinburgh,"3",67,170,"1"
S01008749,Craigentinny - 03,City of Edinburgh,"4",72,363,"0"
S01008750,Craigentinny - 04,City of Edinburgh,"2",77,193,"1"
S01008751,Restalrig (Loganlea) and Craigentinny West - 01,City of Edinburgh,"12",114,241,"1"
S01008752,Restalrig (Loganlea) and Craigentinny West - 02,City of Edinburgh,"31",128,535,"2"
S01008753,Restalrig (Loganlea) and Craigentinny West - 03,City of Edinburgh,"23",100,348,"1"
S01008754,Restalrig (Loganlea) and Craigentinny West - 04,City of Edinburgh,"13",81,279,"2"
S01008755,Restalrig (Loganlea) and Craigentinny West - 05,City of Edinburgh,"17",101,299,"5"
S01008756,Restalrig and Lochend - 01,City of Edinburgh,"21",144,453,"2"
S01008757,Restalrig and Lochend - 02,City of Edinburgh,"34",170,1071,"1"
S01008758,Restalrig and Lochend - 03,City of Edinburgh,"24",128,448,"0"
S01008759,Restalrig and Lochend - 04,City of Edinburgh,"24",110,466,"1"
S01008760,Restalrig and Lochend - 05,City of Edinburgh,"33",134,491,"2"
S01008761,Restalrig and Lochend - 06,City of Edinburgh,"7",88,183,"0"
S01008762,Leith (Hermitage and Prospect Bank) - 01,City of Edinburgh,"5",93,313,"5"
S01008763,Leith (Hermitage and Prospect Bank) - 02,City of Edinburgh,"4",78,88,"3"
S01008764,Leith (Hermitage and Prospect Bank) - 03,City of Edinburgh,"9",84,238,"1"
S01008765,Leith (Hermitage and Prospect Bank) - 04,City of Edinburgh,"6",94,275,"4"
S01008766,Leith (Hermitage and Prospect Bank) - 05,City of Edinburgh,"5",70,161,"2"
S01008767,Leith (Hermitage and Prospect Bank) - 06,City of Edinburgh,"13",85,54,"3"
S01008768,Western Harbour and Leith Docks - 01,City of Edinburgh,"14",109,497,"4"
S01008769,Western Harbour and Leith Docks - 02,City of Edinburgh,"8",58,186,"1"
S01008770,Western Harbour and Leith Docks - 03,City of Edinburgh,"3",38,254,"2"
S01008771,Western Harbour and Leith Docks - 04,City of Edinburgh,"10",63,131,"1"
S01008772,North Leith and Newhaven - 01,City of Edinburgh,"8",93,460,"4"
S01008773,North Leith and Newhaven - 02,City of Edinburgh,"14",110,230,"7"
S01008774,North Leith and Newhaven - 03,City of Edinburgh,"16",112,453,"5"
S01008775,North Leith and Newhaven - 04,City of Edinburgh,"8",76,417,"5"
S01008776,North Leith and Newhaven - 05,City of Edinburgh,"20",110,480,"10"
S01008777,North Leith and Newhaven - 06,City of Edinburgh,"26",129,586,"8"
S01008778,The Shore and Constitution Street - 01,City of Edinburgh,"10",79,417,"5"
S01008779,The Shore and Constitution Street - 02,City of Edinburgh,"3",63,90,"1"
S01008780,The Shore and Constitution Street - 03,City of Edinburgh,"9",50,314,"3"
S01008781,The Shore and Constitution Street - 04,City of Edinburgh,"16",110,282,"4"
S01008782,The Shore and Constitution Street - 05,City of Edinburgh,"14",83,366,"3"
S01008783,The Shore and Constitution Street - 06,City of Edinburgh,"5",30,394,"7"
S01008784,The Shore and Constitution Street - 07,City of Edinburgh,"12",91,156,"4"
S01008785,Great Junction Street - 01,City of Edinburgh,"22",128,635,"4"
S01008786,Great Junction Street - 02,City of Edinburgh,"12",94,804,"14"
S01008787,Great Junction Street - 03,City of Edinburgh,"43",165,775,"7"
S01008788,Great Junction Street - 04,City of Edinburgh,"5",70,524,"7"
S01008789,Great Junction Street - 05,City of Edinburgh,"23",143,672,"5"
S01008790,Great Junction Street - 06,City of Edinburgh,"14",84,1098,"6"
S01008791,Great Junction Street - 07,City of Edinburgh,"8",62,565,"4"
S01008792,South Leith - 01,City of Edinburgh,"12",99,497,"6"
S01008793,South Leith - 02,City of Edinburgh,"18",111,1246,"9"
S01008794,South Leith - 03,City of Edinburgh,"17",155,144,"3"
S01008795,South Leith - 04,City of Edinburgh,"6",58,128,"10"
S01008796,South Leith - 05,City of Edinburgh,"14",110,361,"11"
S01008797,South Leith - 06,City of Edinburgh,"7",93,513,"12"
S01008798,Easter Road and Hawkhill Avenue - 01,City of Edinburgh,"11",72,301,"9"
S01008799,Easter Road and Hawkhill Avenue - 02,City of Edinburgh,"9",80,490,"0"
S01008800,Easter Road and Hawkhill Avenue - 03,City of Edinburgh,"7",52,97,"15"
S01008801,Easter Road and Hawkhill Avenue - 04,City of Edinburgh,"7",77,358,"11"
S01008802,Leith (Albert Street) - 01,City of Edinburgh,"9",102,174,"14"
S01008803,Leith (Albert Street) - 02,City of Edinburgh,"16",109,402,"9"
S01008804,Leith (Albert Street) - 03,City of Edinburgh,"14",82,356,"16"
S01008805,Leith (Albert Street) - 04,City of Edinburgh,"4",54,174,"12"
S01008806,Hillside and Calton Hill - 01,City of Edinburgh,"7",54,387,"6"
S01008807,Hillside and Calton Hill - 02,City of Edinburgh,"9",63,316,"11"
S01008808,Hillside and Calton Hill - 03,City of Edinburgh,"10",84,193,"6"
S01008809,Hillside and Calton Hill - 04,City of Edinburgh,"2",47,828,"5"
S01008810,Hillside and Calton Hill - 05,City of Edinburgh,"3",46,120,"4"
S01008811,Hillside and Calton Hill - 06,City of Edinburgh,"2",46,380,"5"
S01008812,Hillside and Calton Hill - 07,City of Edinburgh,"2",38,150,"7"
S01008813,Pilrig - 01,City of Edinburgh,"15",104,328,"5"
S01008814,Pilrig - 02,City of Edinburgh,"5",67,414,"5"
S01008815,Pilrig - 03,City of Edinburgh,"11",70,258,"7"
S01008816,Pilrig - 04,City of Edinburgh,"7",92,199,"5"
S01008817,Bonnington - 01,City of Edinburgh,"13",101,322,"5"
S01008818,Bonnington - 02,City of Edinburgh,"4",43,202,"2"
S01008819,Bonnington - 03,City of Edinburgh,"4",76,493,"5"
S01008820,Bonnington - 04,City of Edinburgh,"16",104,374,"5"
S01008821,Trinity East and The Dudleys - 01,City of Edinburgh,"6",61,221,"2"
S01008822,Trinity East and The Dudleys - 02,City of Edinburgh,"3",63,176,"2"
S01008823,Trinity East and The Dudleys - 03,City of Edinburgh,"3",52,512,"0"
S01008824,Trinity East and The Dudleys - 04,City of Edinburgh,"3",51,269,"3"
S01008825,Trinity East and The Dudleys - 05,City of Edinburgh,"2",64,177,"3"
S01008826,Trinity - 01,City of Edinburgh,"8",77,344,"6"
S01008827,Trinity - 02,City of Edinburgh,"2",58,252,"2"
S01008828,Trinity - 03,City of Edinburgh,"4",65,239,"3"
S01008829,Trinity - 04,City of Edinburgh,"5",61,136,"2"
S01008830,Trinity - 05,City of Edinburgh,"2",74,151,"2"
S01008831,Trinity - 06,City of Edinburgh,"2",58,263,"0"
S01008832,"Inverleith, Goldenacre and Warriston - 01",City of Edinburgh,"2",64,251,"1"
S01008833,"Inverleith, Goldenacre and Warriston - 02",City of Edinburgh,"5",68,48,"3"
S01008834,"Inverleith, Goldenacre and Warriston - 03",City of Edinburgh,"1",67,222,"2"
S01008835,"Inverleith, Goldenacre and Warriston - 04",City of Edinburgh,"4",69,191,"2"
S01008836,Broughton North and Powderhall - 01,City of Edinburgh,"12",76,260,"4"
S01008837,Broughton North and Powderhall - 02,City of Edinburgh,"6",65,143,"10"
S01008838,Broughton North and Powderhall - 03,City of Edinburgh,"4",53,298,"7"
S01008839,Broughton North and Powderhall - 04,City of Edinburgh,"5",55,166,"6"
S01008840,Broughton South - 01,City of Edinburgh,"2",59,170,"4"
S01008841,Broughton South - 02,City of Edinburgh,"3",57,282,"4"
S01008842,Broughton South - 03,City of Edinburgh,"2",58,67,"1"
S01008843,Broughton South - 04,City of Edinburgh,"4",55,352,"5"
S01008844,Broughton South - 05,City of Edinburgh,"5",61,136,"1"
S01008845,New Town East and Gayfield - 01,City of Edinburgh,"2",58,826,"1"
S01008846,New Town East and Gayfield - 02,City of Edinburgh,"6",59,220,"2"
S01008847,New Town East and Gayfield - 03,City of Edinburgh,"2",32,505,"2"
S01008848,New Town East and Gayfield - 04,City of Edinburgh,"5",68,245,"3"
S01008849,New Town West - 01,City of Edinburgh,"1",45,353,"5"
S01008850,New Town West - 02,City of Edinburgh,"2",53,142,"3"
S01008851,New Town West - 03,City of Edinburgh,"10",81,171,"4"
S01008852,New Town West - 04,City of Edinburgh,"2",51,237,"1"
S01008853,Canonmills and New Town North - 01,City of Edinburgh,"3",52,183,"8"
S01008854,Canonmills and New Town North - 02,City of Edinburgh,"1",45,78,"4"
S01008855,Canonmills and New Town North - 03,City of Edinburgh,"2",47,178,"5"
S01008856,Canonmills and New Town North - 04,City of Edinburgh,"3",42,145,"9"
S01008857,Stockbridge - 01,City of Edinburgh,"4",61,75,"4"
S01008858,Stockbridge - 02,City of Edinburgh,"4",41,194,"4"
S01008859,Stockbridge - 03,City of Edinburgh,"6",70,121,"6"
S01008860,Stockbridge - 04,City of Edinburgh,"6",63,219,"5"
S01008861,Stockbridge - 05,City of Edinburgh,"1",47,104,"2"
S01008862,Stockbridge - 06,City of Edinburgh,"5",57,161,"7"
S01008863,Stockbridge - 07,City of Edinburgh,"4",78,201,"4"
S01008864,Comely Bank - 01,City of Edinburgh,"1",60,146,"2"
S01008865,Comely Bank - 02,City of Edinburgh,"2",51,84,"5"
S01008866,Comely Bank - 03,City of Edinburgh,"2",51,132,"4"
S01008867,Comely Bank - 04,City of Edinburgh,"1",49,82,"4"
S01008868,Deans Village - 01,City of Edinburgh,"5",57,2145,"6"
S01008869,Deans Village - 02,City of Edinburgh,"4",60,160,"3"
S01008870,Deans Village - 03,City of Edinburgh,"2",55,137,"5"
S01008871,Deans Village - 04,City of Edinburgh,"2",48,229,"1"
S01008872,Deans Village - 05,City of Edinburgh,"3",59,343,"1"
S01008873,Deans Village - 06,City of Edinburgh,"1",53,366,"2"
S01008874,Deans Village - 07,City of Edinburgh,"4",74,219,"1"
S01008875,Balgreen and Roseburn - 01,City of Edinburgh,"5",52,269,"6"
S01008876,Balgreen and Roseburn - 02,City of Edinburgh,"2",75,439,"1"
S01008877,Balgreen and Roseburn - 03,City of Edinburgh,"2",57,172,"1"
S01008878,Balgreen and Roseburn - 04,City of Edinburgh,"10",92,211,"1"
S01008879,Balgreen and Roseburn - 05,City of Edinburgh,"6",55,222,"2"
S01008880,Balgreen and Roseburn - 06,City of Edinburgh,"4",62,515,"0"
S01008881,Murrayfield and Ravelston - 01,City of Edinburgh,"1",50,74,"2"
S01008882,Murrayfield and Ravelston - 02,City of Edinburgh,"2",49,293,"1"
S01008883,Murrayfield and Ravelston - 03,City of Edinburgh,"1",44,130,"0"
S01008884,Murrayfield and Ravelston - 04,City of Edinburgh,"1",64,211,"1"
S01008885,Murrayfield and Ravelston - 05,City of Edinburgh,"1",52,208,"0"
S01008886,"Craigleith, Orchard Brae and Crewe Toll - 01",City of Edinburgh,"1",57,143,"1"
S01008887,"Craigleith, Orchard Brae and Crewe Toll - 02",City of Edinburgh,"2",81,182,"2"
S01008888,"Craigleith, Orchard Brae and Crewe Toll - 03",City of Edinburgh,"2",57,75,"0"
S01008889,"Craigleith, Orchard Brae and Crewe Toll - 04",City of Edinburgh,"2",56,263,"1"
S01008890,"Craigleith, Orchard Brae and Crewe Toll - 05",City of Edinburgh,"4",77,325,"1"
S01008891,"Craigleith, Orchard Brae and Crewe Toll - 06",City of Edinburgh,"1",65,499,"1"
S01008892,Blackhall - 01,City of Edinburgh,"6",80,231,"1"
S01008893,Blackhall - 02,City of Edinburgh,"2",62,294,"1"
S01008894,Blackhall - 03,City of Edinburgh,"1",57,78,"0"
S01008895,Blackhall - 04,City of Edinburgh,"2",54,80,"1"
S01008896,Blackhall - 05,City of Edinburgh,"1",57,0,"0"
S01008897,Blackhall - 06,City of Edinburgh,"1",52,141,"1"
S01008898,Blackhall - 07,City of Edinburgh,"1",64,397,"1"
S01008899,Drylaw - 01,City of Edinburgh,"25",95,487,"1"
S01008900,Drylaw - 02,City of Edinburgh,"13",107,687,"3"
S01008901,Drylaw - 03,City of Edinburgh,"14",96,192,"2"
S01008902,Drylaw - 04,City of Edinburgh,"18",88,539,"5"
S01008903,Drylaw - 05,City of Edinburgh,"14",112,372,"2"
S01008904,West Pilton - 01,City of Edinburgh,"21",100,651,"3"
S01008905,West Pilton - 02,City of Edinburgh,"22",120,822,"8"
S01008906,West Pilton - 03,City of Edinburgh,"21",129,603,"3"
S01008907,West Pilton - 04,City of Edinburgh,"24",122,621,"1"
S01008908,West Pilton - 05,City of Edinburgh,"16",94,685,"2"
S01008909,Boswall and Pilton - 01,City of Edinburgh,"15",108,290,"3"
S01008910,Boswall and Pilton - 02,City of Edinburgh,"10",96,156,"5"
S01008911,Boswall and Pilton - 03,City of Edinburgh,"5",80,273,"1"
S01008912,Boswall and Pilton - 04,City of Edinburgh,"2",63,154,"1"
S01008913,Boswall and Pilton - 05,City of Edinburgh,"6",77,84,"3"
S01008914,Boswall and Pilton - 06,City of Edinburgh,"8",106,231,"1"
S01008915,Boswall and Pilton - 07,City of Edinburgh,"4",76,160,"0"
S01008916,Granton South and Wardieburn - 01,City of Edinburgh,"24",133,578,"1"
S01008917,Granton South and Wardieburn - 02,City of Edinburgh,"25",114,1088,"1"
S01008918,Granton South and Wardieburn - 03,City of Edinburgh,"29",120,324,"1"
S01008919,Granton South and Wardieburn - 04,City of Edinburgh,"32",128,957,"2"
S01008920,Granton and Royston Mains - 01,City of Edinburgh,"6",63,356,"1"
S01008921,Granton and Royston Mains - 02,City of Edinburgh,"32",181,468,"1"
S01008922,Granton and Royston Mains - 03,City of Edinburgh,"22",129,172,"3"
S01008923,Granton and Royston Mains - 04,City of Edinburgh,"19",117,140,"3"
S01008924,Granton West and Salvesen - 01,City of Edinburgh,"23",135,708,"3"
S01008925,Granton West and Salvesen - 02,City of Edinburgh,"18",81,393,"8"
S01008926,Granton West and Salvesen - 03,City of Edinburgh,"10",92,770,"0"
S01008927,Granton West and Salvesen - 04,City of Edinburgh,"11",95,245,"0"
S01008928,Granton West and Salvesen - 05,City of Edinburgh,"14",127,929,"1"
S01008929,Muirhouse - 01,City of Edinburgh,"43",152,940,"6"
S01008930,Muirhouse - 02,City of Edinburgh,"37",146,1330,"1"
S01008931,Muirhouse - 03,City of Edinburgh,"21",93,339,"4"
S01008932,Muirhouse - 04,City of Edinburgh,"10",66,467,"2"
S01008933,Muirhouse - 05,City of Edinburgh,"29",126,637,"1"
S01008934,Muirhouse - 06,City of Edinburgh,"19",106,312,"2"
S01008935,Silverknowes and Davidson's Mains - 01,City of Edinburgh,"3",71,412,"2"
S01008936,Silverknowes and Davidson's Mains - 02,City of Edinburgh,"2",48,152,"1"
S01008937,Silverknowes and Davidson's Mains - 03,City of Edinburgh,"4",70,369,"3"
S01008938,Silverknowes and Davidson's Mains - 04,City of Edinburgh,"3",77,62,"1"
S01008939,Silverknowes and Davidson's Mains - 05,City of Edinburgh,"2",61,390,"1"
S01008940,Silverknowes and Davidson's Mains - 06,City of Edinburgh,"1",59,725,"1"
S01008941,Cramond - 01,City of Edinburgh,"2",55,160,"1"
S01008942,Cramond - 02,City of Edinburgh,"4",61,37,"2"
S01008943,Cramond - 03,City of Edinburgh,"1",49,55,"0"
S01008944,"Barnton, Cammo and Cramond South - 01",City of Edinburgh,"1",62,119,"1"
S01008945,"Barnton, Cammo and Cramond South - 02",City of Edinburgh,"2",57,50,"0"
S01008946,"Barnton, Cammo and Cramond South - 03",City of Edinburgh,"2",77,147,"1"
S01008947,"Barnton, Cammo and Cramond South - 04",City of Edinburgh,"2",61,93,"0"
S01008948,Clermiston and Drumbrae - 01,City of Edinburgh,"4",79,193,"2"
S01008949,Clermiston and Drumbrae - 02,City of Edinburgh,"12",93,191,"2"
S01008950,Clermiston and Drumbrae - 03,City of Edinburgh,"7",74,431,"1"
S01008951,Clermiston and Drumbrae - 04,City of Edinburgh,"18",111,361,"3"
S01008952,Clermiston and Drumbrae - 05,City of Edinburgh,"22",119,255,"2"
S01008953,Clermiston and Drumbrae - 06,City of Edinburgh,"15",107,482,"3"
S01008954,Clermiston and Drumbrae - 07,City of Edinburgh,"14",128,196,"1"
S01008955,East Craigs North - 01,City of Edinburgh,"6",51,144,"2"
S01008956,East Craigs North - 02,City of Edinburgh,"5",66,135,"4"
S01008957,East Craigs North - 03,City of Edinburgh,"12",74,256,"0"
S01008958,East Craigs North - 04,City of Edinburgh,"13",104,322,"1"
S01008959,East Craigs North - 05,City of Edinburgh,"10",68,61,"1"
S01008960,East Craigs South - 01,City of Edinburgh,"2",42,253,"1"
S01008961,East Craigs South - 02,City of Edinburgh,"3",49,161,"2"
S01008962,East Craigs South - 03,City of Edinburgh,"4",66,160,"1"
S01008963,East Craigs South - 04,City of Edinburgh,"1",81,137,"1"
S01008964,East Craigs South - 05,City of Edinburgh,"3",61,524,"1"
S01008965,East Craigs South - 06,City of Edinburgh,"2",62,221,"1"
S01008966,East Craigs South - 07,City of Edinburgh,"2",76,206,"0"
S01008967,Corstorphine North - 01,City of Edinburgh,"2",61,209,"0"
S01008968,Corstorphine North - 02,City of Edinburgh,"3",59,150,"0"
S01008969,Corstorphine North - 03,City of Edinburgh,"5",71,287,"1"
S01008970,Corstorphine - 01,City of Edinburgh,"2",61,176,"1"
S01008971,Corstorphine - 02,City of Edinburgh,"2",45,180,"1"
S01008972,Corstorphine - 03,City of Edinburgh,"1",53,246,"1"
S01008973,Corstorphine - 04,City of Edinburgh,"3",58,258,"1"
S01008974,Corstorphine - 05,City of Edinburgh,"3",84,134,"2"
S01008975,Corstorphine - 06,City of Edinburgh,"11",119,265,"2"
S01008976,Corstorphine - 07,City of Edinburgh,"2",62,108,"1"
S01008977,Carrick Knowe - 01,City of Edinburgh,"1",68,114,"1"
S01008978,Carrick Knowe - 02,City of Edinburgh,"3",48,206,"2"
S01008979,Carrick Knowe - 03,City of Edinburgh,"9",67,381,"1"
S01008980,Carrick Knowe - 04,City of Edinburgh,"12",103,195,"1"
S01008981,Corstorphine South - 01,City of Edinburgh,"2",79,68,"1"
S01008982,Corstorphine South - 02,City of Edinburgh,"8",78,199,"2"
S01008983,Corstorphine South - 03,City of Edinburgh,"11",86,410,"4"
S01008984,Corstorphine South - 04,City of Edinburgh,"8",99,0,"3"
S01008985,Corstorphine South - 05,City of Edinburgh,"7",77,459,"3"
S01008986,Corstorphine South - 06,City of Edinburgh,"2",77,154,"1"
S01008987,South Gyle - 01,City of Edinburgh,"2",69,0,"0"
S01008988,South Gyle - 02,City of Edinburgh,"7",93,223,"2"
S01008989,South Gyle - 03,City of Edinburgh,"3",73,233,"3"
S01008990,South Gyle - 04,City of Edinburgh,"6",54,157,"4"
S01008991,South Gyle - 05,City of Edinburgh,"5",58,120,"2"
S01008992,South Gyle - 06,City of Edinburgh,"11",86,1174,"3"
S01008993,"Ratho, Ingliston and Gogar - 01",City of Edinburgh,"4",74,918,"2"
S01008994,"Ratho, Ingliston and Gogar - 02",City of Edinburgh,"11",93,240,"2"
S01008995,"Ratho, Ingliston and Gogar - 03",City of Edinburgh,"2",68,187,"1"
S01008996,"Ratho, Ingliston and Gogar - 04",City of Edinburgh,"8",114,264,"2"
S01008997,"Dalmeny, Kirkliston and Newbridge - 01",City of Edinburgh,"7",105,311,"2"
S01008998,"Dalmeny, Kirkliston and Newbridge - 02",City of Edinburgh,"19",112,280,"7"
S01008999,"Dalmeny, Kirkliston and Newbridge - 03",City of Edinburgh,"11",109,327,"1"
S01009000,"Dalmeny, Kirkliston and Newbridge - 04",City of Edinburgh,"4",73,176,"1"
S01009001,"Dalmeny, Kirkliston and Newbridge - 05",City of Edinburgh,"6",72,76,"1"
S01009002,"Dalmeny, Kirkliston and Newbridge - 06",City of Edinburgh,"5",89,129,"1"
S01009003,Queensferry East - 01,City of Edinburgh,"6",65,206,"1"
S01009004,Queensferry East - 02,City of Edinburgh,"6",75,0,"0"
S01009005,Queensferry East - 03,City of Edinburgh,"7",89,147,"2"
S01009006,Queensferry East - 04,City of Edinburgh,"6",96,201,"1"
S01009007,Queensferry East - 05,City of Edinburgh,"7",82,128,"2"
S01009008,Queensferry East - 06,City of Edinburgh,"5",78,420,"1"
S01009009,Queensferry West - 01,City of Edinburgh,"20",115,532,"2"
S01009010,Queensferry West - 02,City of Edinburgh,"4",71,62,"1"
S01009011,Queensferry West - 03,City of Edinburgh,"1",49,46,"0"
S01009012,Queensferry West - 04,City of Edinburgh,"1",57,80,"1"
S01009013,Queensferry West - 05,City of Edinburgh,"1",67,71,"1"
