<metadata xml:lang="en"><Esri><CreaDate>20200506</CreaDate><CreaTime>15192400</CreaTime><ArcGISFormat>1.0</ArcGISFormat><SyncOnce>FALSE</SyncOnce><DataProperties><lineage><Process ToolSource="c:\program files\arcgis\pro\Resources\ArcToolbox\toolboxes\Data Management Tools.tbx\CopyFeatures" Date="20200506" Time="151924" Name="" export="">CopyFeatures SG_SIMD_2020 X:\GISAT_Casework\Projects\R446571kn\SIMD2020\SIMD2020.gdb\SG_SIMD_2020_v2 # # # #</Process><Process ToolSource="c:\program files\arcgis\pro\Resources\ArcToolbox\Toolboxes\Data Management Tools.tbx\DeleteField" Date="20200506" Time="152102" Name="" export="">DeleteField SG_SIMD_2020_v2 SG_SIMD_2020_Table_v2_OBJECTID</Process><Process ToolSource="c:\program files\arcgis\pro\Resources\ArcToolbox\Toolboxes\Data Management Tools.tbx\DeleteField" Date="20200506" Time="152140" Name="" export="">DeleteField SG_SIMD_2020_v2 SG_SIMD_2020_Table_v2_SG_SIMD_2020_Table_DataZone</Process><Process ToolSource="c:\program files\arcgis\pro\Resources\ArcToolbox\toolboxes\Conversion Tools.tbx\FeatureClassToFeatureClass" Date="20200506" Time="165831" Name="" export="">FeatureClassToFeatureClass X:\GISAT_Casework\Projects\R446571kn\SIMD2020\SIMD2020.gdb\SG_SIMD_2020_v2 X:\GISAT_Casework\Projects\R446571kn\Data SG_SIMD_2020_v2.shp # "DataZone "DataZone" true true false 10 Text 0 0,First,#,X:\GISAT_Casework\Projects\R446571kn\SIMD2020\SIMD2020.gdb\SG_SIMD_2020_v2,SG_SIMD_2020_DataZone,0,10;DZName "DZName" true true false 65 Text 0 0,First,#,X:\GISAT_Casework\Projects\R446571kn\SIMD2020\SIMD2020.gdb\SG_SIMD_2020_v2,SG_SIMD_2020_Table_v2_SG_SIMD_2020_Table_DZName,0,65;LAName "LAName" true true false 8000 Text 0 0,First,#,X:\GISAT_Casework\Projects\R446571kn\SIMD2020\SIMD2020.gdb\SG_SIMD_2020_v2,SG_SIMD_2020_Table_v2_SIMD2020v2___shapefile_data_csv_LAName,0,8000;SAPE2017 "SAPE2017" true true false 4 Long 0 0,First,#,X:\GISAT_Casework\Projects\R446571kn\SIMD2020\SIMD2020.gdb\SG_SIMD_2020_v2,SG_SIMD_2020_Table_v2_SIMD2020v2___shapefile_data_csv_SAPE2017,-1,-1;WAPE2017 "WAPE2017" true true false 4 Long 0 0,First,#,X:\GISAT_Casework\Projects\R446571kn\SIMD2020\SIMD2020.gdb\SG_SIMD_2020_v2,SG_SIMD_2020_Table_v2_SIMD2020v2___shapefile_data_csv_WAPE2017,-1,-1;Rankv2 "Rankv2" true true false 4 Long 0 0,First,#,X:\GISAT_Casework\Projects\R446571kn\SIMD2020\SIMD2020.gdb\SG_SIMD_2020_v2,SG_SIMD_2020_Table_v2_SIMD2020v2___shapefile_data_csv_Rankv2,-1,-1;Quintilev2 "Quintilev2" true true false 4 Long 0 0,First,#,X:\GISAT_Casework\Projects\R446571kn\SIMD2020\SIMD2020.gdb\SG_SIMD_2020_v2,SG_SIMD_2020_Table_v2_SIMD2020v2___shapefile_data_csv_Quintilev2,-1,-1;Decilev2 "Decilev2" true true false 4 Long 0 0,First,#,X:\GISAT_Casework\Projects\R446571kn\SIMD2020\SIMD2020.gdb\SG_SIMD_2020_v2,SG_SIMD_2020_Table_v2_SIMD2020v2___shapefile_data_csv_Decilev2,-1,-1;Vigintilv2 "Vigintilv2" true true false 4 Long 0 0,First,#,X:\GISAT_Casework\Projects\R446571kn\SIMD2020\SIMD2020.gdb\SG_SIMD_2020_v2,SG_SIMD_2020_Table_v2_SIMD2020v2___shapefile_data_csv_Vigintilv2,-1,-1;Percentv2 "Percentv2" true true false 4 Long 0 0,First,#,X:\GISAT_Casework\Projects\R446571kn\SIMD2020\SIMD2020.gdb\SG_SIMD_2020_v2,SG_SIMD_2020_Table_v2_SIMD2020v2___shapefile_data_csv_Percentv2,-1,-1;IncRate "IncRate" true true false 8000 Text 0 0,First,#,X:\GISAT_Casework\Projects\R446571kn\SIMD2020\SIMD2020.gdb\SG_SIMD_2020_v2,SG_SIMD_2020_Table_v2_SIMD2020v2___shapefile_data_csv_IncRate,0,8000;IncNumDep "IncNumDep" true true false 4 Long 0 0,First,#,X:\GISAT_Casework\Projects\R446571kn\SIMD2020\SIMD2020.gdb\SG_SIMD_2020_v2,SG_SIMD_2020_Table_v2_SIMD2020v2___shapefile_data_csv_IncNumDep,-1,-1;IncRankv2 "IncRankv2" true true false 8 Double 0 0,First,#,X:\GISAT_Casework\Projects\R446571kn\SIMD2020\SIMD2020.gdb\SG_SIMD_2020_v2,SG_SIMD_2020_Table_v2_SIMD2020v2___shapefile_data_csv_IncRankv2,-1,-1;EmpRate "EmpRate" true true false 8000 Text 0 0,First,#,X:\GISAT_Casework\Projects\R446571kn\SIMD2020\SIMD2020.gdb\SG_SIMD_2020_v2,SG_SIMD_2020_Table_v2_SIMD2020v2___shapefile_data_csv_EmpRate,0,8000;EmpNumDep "EmpNumDep" true true false 4 Long 0 0,First,#,X:\GISAT_Casework\Projects\R446571kn\SIMD2020\SIMD2020.gdb\SG_SIMD_2020_v2,SG_SIMD_2020_Table_v2_SIMD2020v2___shapefile_data_csv_EmpNumDep,-1,-1;EmpRank "EmpRank" true true false 8 Double 0 0,First,#,X:\GISAT_Casework\Projects\R446571kn\SIMD2020\SIMD2020.gdb\SG_SIMD_2020_v2,SG_SIMD_2020_Table_v2_SIMD2020v2___shapefile_data_csv_EmpRank,-1,-1;HlthCIF "HlthCIF" true true false 4 Long 0 0,First,#,X:\GISAT_Casework\Projects\R446571kn\SIMD2020\SIMD2020.gdb\SG_SIMD_2020_v2,SG_SIMD_2020_Table_v2_SIMD2020v2___shapefile_data_csv_HlthCIF,-1,-1;HlthAlcSR "HlthAlcSR" true true false 4 Long 0 0,First,#,X:\GISAT_Casework\Projects\R446571kn\SIMD2020\SIMD2020.gdb\SG_SIMD_2020_v2,SG_SIMD_2020_Table_v2_SIMD2020v2___shapefile_data_csv_HlthAlcSR,-1,-1;HlthDrugSR "HlthDrugSR" true true false 4 Long 0 0,First,#,X:\GISAT_Casework\Projects\R446571kn\SIMD2020\SIMD2020.gdb\SG_SIMD_2020_v2,SG_SIMD_2020_Table_v2_SIMD2020v2___shapefile_data_csv_HlthDrugSR,-1,-1;HlthSMR "HlthSMR" true true false 4 Long 0 0,First,#,X:\GISAT_Casework\Projects\R446571kn\SIMD2020\SIMD2020.gdb\SG_SIMD_2020_v2,SG_SIMD_2020_Table_v2_SIMD2020v2___shapefile_data_csv_HlthSMR,-1,-1;HlthDprsPc "HlthDprsPc" true true false 8000 Text 0 0,First,#,X:\GISAT_Casework\Projects\R446571kn\SIMD2020\SIMD2020.gdb\SG_SIMD_2020_v2,SG_SIMD_2020_Table_v2_SIMD2020v2___shapefile_data_csv_HlthDprsPc,0,8000;HlthLBWTPc "HlthLBWTPc" true true false 8000 Text 0 0,First,#,X:\GISAT_Casework\Projects\R446571kn\SIMD2020\SIMD2020.gdb\SG_SIMD_2020_v2,SG_SIMD_2020_Table_v2_SIMD2020v2___shapefile_data_csv_HlthLBWTPc,0,8000;HlthEmergSR "HlthEmergSR" true true false 4 Long 0 0,First,#,X:\GISAT_Casework\Projects\R446571kn\SIMD2020\SIMD2020.gdb\SG_SIMD_2020_v2,SG_SIMD_2020_Table_v2_SIMD2020v2___shapefile_data_csv_HlthEmergS,-1,-1;HlthRank "HlthRank" true true false 4 Long 0 0,First,#,X:\GISAT_Casework\Projects\R446571kn\SIMD2020\SIMD2020.gdb\SG_SIMD_2020_v2,SG_SIMD_2020_Table_v2_SIMD2020v2___shapefile_data_csv_HlthRank,-1,-1;EduAttend "EduAttend" true true false 8000 Text 0 0,First,#,X:\GISAT_Casework\Projects\R446571kn\SIMD2020\SIMD2020.gdb\SG_SIMD_2020_v2,SG_SIMD_2020_Table_v2_SIMD2020v2___shapefile_data_csv_EduAttend,0,8000;EduAttain "EduAttain" true true false 8 Double 0 0,First,#,X:\GISAT_Casework\Projects\R446571kn\SIMD2020\SIMD2020.gdb\SG_SIMD_2020_v2,SG_SIMD_2020_Table_v2_SIMD2020v2___shapefile_data_csv_EduAttain,-1,-1;EduNoQuals "EduNoQuals" true true false 4 Long 0 0,First,#,X:\GISAT_Casework\Projects\R446571kn\SIMD2020\SIMD2020.gdb\SG_SIMD_2020_v2,SG_SIMD_2020_Table_v2_SIMD2020v2___shapefile_data_csv_EduNoQuals,-1,-1;EduParticip "EduParticip" true true false 8000 Text 0 0,First,#,X:\GISAT_Casework\Projects\R446571kn\SIMD2020\SIMD2020.gdb\SG_SIMD_2020_v2,SG_SIMD_2020_Table_v2_SIMD2020v2___shapefile_data_csv_EduPartici,0,8000;EduUniver "EduUniver" true true false 8000 Text 0 0,First,#,X:\GISAT_Casework\Projects\R446571kn\SIMD2020\SIMD2020.gdb\SG_SIMD_2020_v2,SG_SIMD_2020_Table_v2_SIMD2020v2___shapefile_data_csv_EduUniver,0,8000;EduRank "EduRank" true true false 4 Long 0 0,First,#,X:\GISAT_Casework\Projects\R446571kn\SIMD2020\SIMD2020.gdb\SG_SIMD_2020_v2,SG_SIMD_2020_Table_v2_SIMD2020v2___shapefile_data_csv_EduRank,-1,-1;GAccPetrol "GAccPetrol" true true false 8 Double 0 0,First,#,X:\GISAT_Casework\Projects\R446571kn\SIMD2020\SIMD2020.gdb\SG_SIMD_2020_v2,SG_SIMD_2020_Table_v2_SIMD2020v2___shapefile_data_csv_GAccPetrol,-1,-1;GAccDTGP "GAccDTGP" true true false 8 Double 0 0,First,#,X:\GISAT_Casework\Projects\R446571kn\SIMD2020\SIMD2020.gdb\SG_SIMD_2020_v2,SG_SIMD_2020_Table_v2_SIMD2020v2___shapefile_data_csv_GAccDTGP,-1,-1;GAccDTPost "GAccDTPost" true true false 8 Double 0 0,First,#,X:\GISAT_Casework\Projects\R446571kn\SIMD2020\SIMD2020.gdb\SG_SIMD_2020_v2,SG_SIMD_2020_Table_v2_SIMD2020v2___shapefile_data_csv_GAccDTPost,-1,-1;GAccDTPsch "GAccDTPsch" true true false 8 Double 0 0,First,#,X:\GISAT_Casework\Projects\R446571kn\SIMD2020\SIMD2020.gdb\SG_SIMD_2020_v2,SG_SIMD_2020_Table_v2_SIMD2020v2___shapefile_data_csv_GAccDTPsch,-1,-1;GAccDTSsch "GAccDTSsch" true true false 8 Double 0 0,First,#,X:\GISAT_Casework\Projects\R446571kn\SIMD2020\SIMD2020.gdb\SG_SIMD_2020_v2,SG_SIMD_2020_Table_v2_SIMD2020v2___shapefile_data_csv_GAccDTSsch,-1,-1;GAccDTRet "GAccDTRet" true true false 8 Double 0 0,First,#,X:\GISAT_Casework\Projects\R446571kn\SIMD2020\SIMD2020.gdb\SG_SIMD_2020_v2,SG_SIMD_2020_Table_v2_SIMD2020v2___shapefile_data_csv_GAccDTRet,-1,-1;GAccPTGP "GAccPTGP" true true false 8 Double 0 0,First,#,X:\GISAT_Casework\Projects\R446571kn\SIMD2020\SIMD2020.gdb\SG_SIMD_2020_v2,SG_SIMD_2020_Table_v2_SIMD2020v2___shapefile_data_csv_GAccPTGP,-1,-1;GAccPTPost "GAccPTPost" true true false 8 Double 0 0,First,#,X:\GISAT_Casework\Projects\R446571kn\SIMD2020\SIMD2020.gdb\SG_SIMD_2020_v2,SG_SIMD_2020_Table_v2_SIMD2020v2___shapefile_data_csv_GAccPTPost,-1,-1;GAccPTRet "GAccPTRet" true true false 8 Double 0 0,First,#,X:\GISAT_Casework\Projects\R446571kn\SIMD2020\SIMD2020.gdb\SG_SIMD_2020_v2,SG_SIMD_2020_Table_v2_SIMD2020v2___shapefile_data_csv_GAccPTRet,-1,-1;GAccBrdbnd "GAccBrdbnd" true true false 8000 Text 0 0,First,#,X:\GISAT_Casework\Projects\R446571kn\SIMD2020\SIMD2020.gdb\SG_SIMD_2020_v2,SG_SIMD_2020_Table_v2_SIMD2020v2___shapefile_data_csv_GAccBrdbnd,0,8000;GAccRank "GAccRank" true true false 4 Long 0 0,First,#,X:\GISAT_Casework\Projects\R446571kn\SIMD2020\SIMD2020.gdb\SG_SIMD_2020_v2,SG_SIMD_2020_Table_v2_SIMD2020v2___shapefile_data_csv_GAccRank,-1,-1;CrimeCount "CrimeCount" true true false 4 Long 0 0,First,#,X:\GISAT_Casework\Projects\R446571kn\SIMD2020\SIMD2020.gdb\SG_SIMD_2020_v2,SG_SIMD_2020_Table_v2_SIMD2020v2___shapefile_data_csv_CrimeCount,-1,-1;CrimeRate "CrimeRate" true true false 4 Long 0 0,First,#,X:\GISAT_Casework\Projects\R446571kn\SIMD2020\SIMD2020.gdb\SG_SIMD_2020_v2,SG_SIMD_2020_Table_v2_SIMD2020v2___shapefile_data_csv_CrimeRate,-1,-1;CrimeRank "CrimeRank" true true false 8 Double 0 0,First,#,X:\GISAT_Casework\Projects\R446571kn\SIMD2020\SIMD2020.gdb\SG_SIMD_2020_v2,SG_SIMD_2020_Table_v2_SIMD2020v2___shapefile_data_csv_CrimeRank,-1,-1;HouseNumOC "HouseNumOC" true true false 4 Long 0 0,First,#,X:\GISAT_Casework\Projects\R446571kn\SIMD2020\SIMD2020.gdb\SG_SIMD_2020_v2,SG_SIMD_2020_Table_v2_SIMD2020v2___shapefile_data_csv_HouseNumOC,-1,-1;HouseNumNC "HouseNumNC" true true false 4 Long 0 0,First,#,X:\GISAT_Casework\Projects\R446571kn\SIMD2020\SIMD2020.gdb\SG_SIMD_2020_v2,SG_SIMD_2020_Table_v2_SIMD2020v2___shapefile_data_csv_HouseNumNC,-1,-1;HouseOCrat "HouseOCrat" true true false 8000 Text 0 0,First,#,X:\GISAT_Casework\Projects\R446571kn\SIMD2020\SIMD2020.gdb\SG_SIMD_2020_v2,SG_SIMD_2020_Table_v2_SIMD2020v2___shapefile_data_csv_HouseOCrat,0,8000;HouseNCrat "HouseNCrat" true true false 8000 Text 0 0,First,#,X:\GISAT_Casework\Projects\R446571kn\SIMD2020\SIMD2020.gdb\SG_SIMD_2020_v2,SG_SIMD_2020_Table_v2_SIMD2020v2___shapefile_data_csv_HouseNCrat,0,8000;HouseRank "HouseRank" true true false 8 Double 0 0,First,#,X:\GISAT_Casework\Projects\R446571kn\SIMD2020\SIMD2020.gdb\SG_SIMD_2020_v2,SG_SIMD_2020_Table_v2_SIMD2020v2___shapefile_data_csv_HouseRank,-1,-1;Shape_Leng "Shape_Length" false true true 8 Double 0 0,First,#,X:\GISAT_Casework\Projects\R446571kn\SIMD2020\SIMD2020.gdb\SG_SIMD_2020_v2,Shape_Length,-1,-1;Shape_Area "Shape_Area" false true true 8 Double 0 0,First,#,X:\GISAT_Casework\Projects\R446571kn\SIMD2020\SIMD2020.gdb\SG_SIMD_2020_v2,Shape_Area,-1,-1" #</Process><Process ToolSource="c:\program files\arcgis\pro\Resources\ArcToolbox\Toolboxes\Data Management Tools.tbx\Rename" Date="20200506" Time="170149" Name="" export="">Rename X:\GISAT_Casework\Projects\R446571kn\Data\SG_SIMD_2020_v2.shp X:\GISAT_Casework\Projects\R446571kn\Data\SG_SIMD_2020.shp ShapeFile</Process></lineage><itemProps><itemName Sync="TRUE">SG_SIMD_2020</itemName><itemSize Sync="TRUE">51.889</itemSize><itemLocation><linkage Sync="TRUE">file://\\s0113a\SEGIS\WorkShare\Michal\data_zones\SG_SIMD_2020\SG_SIMD_2020.shp</linkage><protocol Sync="TRUE">Local Area Network</protocol></itemLocation><imsContentType Sync="TRUE">002</imsContentType><nativeExtBox><westBL Sync="TRUE">5513.000000</westBL><eastBL Sync="TRUE">470323.000000</eastBL><southBL Sync="TRUE">530252.800000</southBL><northBL Sync="TRUE">1220301.500000</northBL><exTypeCode Sync="TRUE">1</exTypeCode></nativeExtBox></itemProps><coordRef><type Sync="TRUE">Projected</type><geogcsn Sync="TRUE">GCS_OSGB_1936</geogcsn><csUnits Sync="TRUE">Linear Unit: Meter (1.000000)</csUnits><projcsn Sync="TRUE">British_National_Grid</projcsn><peXml Sync="TRUE">&lt;ProjectedCoordinateSystem xsi:type='typens:ProjectedCoordinateSystem' xmlns:xsi='http://www.w3.org/2001/XMLSchema-instance' xmlns:xs='http://www.w3.org/2001/XMLSchema' xmlns:typens='http://www.esri.com/schemas/ArcGIS/10.6'&gt;&lt;WKT&gt;PROJCS[&amp;quot;British_National_Grid&amp;quot;,GEOGCS[&amp;quot;GCS_OSGB_1936&amp;quot;,DATUM[&amp;quot;D_OSGB_1936&amp;quot;,SPHEROID[&amp;quot;Airy_1830&amp;quot;,6377563.396,299.3249646]],PRIMEM[&amp;quot;Greenwich&amp;quot;,0.0],UNIT[&amp;quot;Degree&amp;quot;,0.0174532925199433]],PROJECTION[&amp;quot;Transverse_Mercator&amp;quot;],PARAMETER[&amp;quot;False_Easting&amp;quot;,400000.0],PARAMETER[&amp;quot;False_Northing&amp;quot;,-100000.0],PARAMETER[&amp;quot;Central_Meridian&amp;quot;,-2.0],PARAMETER[&amp;quot;Scale_Factor&amp;quot;,0.9996012717],PARAMETER[&amp;quot;Latitude_Of_Origin&amp;quot;,49.0],UNIT[&amp;quot;Meter&amp;quot;,1.0],AUTHORITY[&amp;quot;EPSG&amp;quot;,27700]]&lt;/WKT&gt;&lt;XOrigin&gt;-5220400&lt;/XOrigin&gt;&lt;YOrigin&gt;-15524400&lt;/YOrigin&gt;&lt;XYScale&gt;450481592.76709664&lt;/XYScale&gt;&lt;ZOrigin&gt;-100000&lt;/ZOrigin&gt;&lt;ZScale&gt;10000&lt;/ZScale&gt;&lt;MOrigin&gt;-100000&lt;/MOrigin&gt;&lt;MScale&gt;10000&lt;/MScale&gt;&lt;XYTolerance&gt;0.001&lt;/XYTolerance&gt;&lt;ZTolerance&gt;0.001&lt;/ZTolerance&gt;&lt;MTolerance&gt;0.001&lt;/MTolerance&gt;&lt;HighPrecision&gt;true&lt;/HighPrecision&gt;&lt;WKID&gt;27700&lt;/WKID&gt;&lt;LatestWKID&gt;27700&lt;/LatestWKID&gt;&lt;/ProjectedCoordinateSystem&gt;</peXml></coordRef></DataProperties><SyncDate>20211004</SyncDate><SyncTime>11502000</SyncTime><ModDate>20211004</ModDate><ModTime>11515300</ModTime><scaleRange><minScale>50000</minScale><maxScale>5000</maxScale></scaleRange><ArcGISProfile>ISO19139</ArcGISProfile></Esri><eainfo><detailed Name="SG_SIMD_2020"><enttyp><enttypl Sync="TRUE">SG_SIMD_2020</enttypl><enttypt Sync="TRUE">Feature Class</enttypt><enttypc Sync="TRUE">6976</enttypc></enttyp><attr><attrlabl Sync="TRUE">FID</attrlabl><attalias Sync="TRUE">FID</attalias><attrtype Sync="TRUE">OID</attrtype><attwidth Sync="TRUE">4</attwidth><atprecis Sync="TRUE">0</atprecis><attscale Sync="TRUE">0</attscale><attrdef Sync="TRUE">Internal feature number.</attrdef><attrdefs Sync="TRUE">Esri</attrdefs><attrdomv><udom Sync="TRUE">Sequential unique whole numbers that are automatically generated.</udom></attrdomv></attr><attr><attrlabl Sync="TRUE">Shape</attrlabl><attalias Sync="TRUE">Shape</attalias><attrtype Sync="TRUE">Geometry</attrtype><attwidth Sync="TRUE">0</attwidth><atprecis Sync="TRUE">0</atprecis><attscale Sync="TRUE">0</attscale><attrdef Sync="TRUE">Feature geometry.</attrdef><attrdefs Sync="TRUE">Esri</attrdefs><attrdomv><udom Sync="TRUE">Coordinates defining the features.</udom></attrdomv></attr><attr><attrlabl Sync="TRUE">DataZone</attrlabl><attalias Sync="TRUE">DataZone</attalias><attrtype Sync="TRUE">String</attrtype><attwidth Sync="TRUE">10</attwidth><atprecis Sync="TRUE">0</atprecis><attscale Sync="TRUE">0</attscale></attr><attr><attrlabl Sync="TRUE">DZName</attrlabl><attalias Sync="TRUE">DZName</attalias><attrtype Sync="TRUE">String</attrtype><attwidth Sync="TRUE">65</attwidth><atprecis Sync="TRUE">0</atprecis><attscale Sync="TRUE">0</attscale></attr><attr><attrlabl Sync="TRUE">LAName</attrlabl><attalias Sync="TRUE">LAName</attalias><attrtype Sync="TRUE">String</attrtype><attwidth Sync="TRUE">254</attwidth><atprecis Sync="TRUE">0</atprecis><attscale Sync="TRUE">0</attscale></attr><attr><attrlabl Sync="TRUE">SAPE2017</attrlabl><attalias Sync="TRUE">SAPE2017</attalias><attrtype Sync="TRUE">Integer</attrtype><attwidth Sync="TRUE">10</attwidth><atprecis Sync="TRUE">10</atprecis><attscale Sync="TRUE">0</attscale></attr><attr><attrlabl Sync="TRUE">WAPE2017</attrlabl><attalias Sync="TRUE">WAPE2017</attalias><attrtype Sync="TRUE">Integer</attrtype><attwidth Sync="TRUE">10</attwidth><atprecis Sync="TRUE">10</atprecis><attscale Sync="TRUE">0</attscale></attr><attr><attrlabl Sync="TRUE">Rankv2</attrlabl><attalias Sync="TRUE">Rankv2</attalias><attrtype Sync="TRUE">Integer</attrtype><attwidth Sync="TRUE">10</attwidth><atprecis Sync="TRUE">10</atprecis><attscale Sync="TRUE">0</attscale></attr><attr><attrlabl Sync="TRUE">Quintilev2</attrlabl><attalias Sync="TRUE">Quintilev2</attalias><attrtype Sync="TRUE">Integer</attrtype><attwidth Sync="TRUE">10</attwidth><atprecis Sync="TRUE">10</atprecis><attscale Sync="TRUE">0</attscale></attr><attr><attrlabl Sync="TRUE">Decilev2</attrlabl><attalias Sync="TRUE">Decilev2</attalias><attrtype Sync="TRUE">Integer</attrtype><attwidth Sync="TRUE">10</attwidth><atprecis Sync="TRUE">10</atprecis><attscale Sync="TRUE">0</attscale></attr><attr><attrlabl Sync="TRUE">Vigintilv2</attrlabl><attalias Sync="TRUE">Vigintilv2</attalias><attrtype Sync="TRUE">Integer</attrtype><attwidth Sync="TRUE">10</attwidth><atprecis Sync="TRUE">10</atprecis><attscale Sync="TRUE">0</attscale></attr><attr><attrlabl Sync="TRUE">Percentv2</attrlabl><attalias Sync="TRUE">Percentv2</attalias><attrtype Sync="TRUE">Integer</attrtype><attwidth Sync="TRUE">10</attwidth><atprecis Sync="TRUE">10</atprecis><attscale Sync="TRUE">0</attscale></attr><attr><attrlabl Sync="TRUE">IncRate</attrlabl><attalias Sync="TRUE">IncRate</attalias><attrtype Sync="TRUE">String</attrtype><attwidth Sync="TRUE">254</attwidth><atprecis Sync="TRUE">0</atprecis><attscale Sync="TRUE">0</attscale></attr><attr><attrlabl Sync="TRUE">IncNumDep</attrlabl><attalias Sync="TRUE">IncNumDep</attalias><attrtype Sync="TRUE">Integer</attrtype><attwidth Sync="TRUE">10</attwidth><atprecis Sync="TRUE">10</atprecis><attscale Sync="TRUE">0</attscale></attr><attr><attrlabl Sync="TRUE">IncRankv2</attrlabl><attalias Sync="TRUE">IncRankv2</attalias><attrtype Sync="TRUE">Double</attrtype><attwidth Sync="TRUE">19</attwidth><atprecis Sync="TRUE">0</atprecis><attscale Sync="TRUE">0</attscale></attr><attr><attrlabl Sync="TRUE">EmpRate</attrlabl><attalias Sync="TRUE">EmpRate</attalias><attrtype Sync="TRUE">String</attrtype><attwidth Sync="TRUE">254</attwidth><atprecis Sync="TRUE">0</atprecis><attscale Sync="TRUE">0</attscale></attr><attr><attrlabl Sync="TRUE">EmpNumDep</attrlabl><attalias Sync="TRUE">EmpNumDep</attalias><attrtype Sync="TRUE">Integer</attrtype><attwidth Sync="TRUE">10</attwidth><atprecis Sync="TRUE">10</atprecis><attscale Sync="TRUE">0</attscale></attr><attr><attrlabl Sync="TRUE">EmpRank</attrlabl><attalias Sync="TRUE">EmpRank</attalias><attrtype Sync="TRUE">Double</attrtype><attwidth Sync="TRUE">19</attwidth><atprecis Sync="TRUE">0</atprecis><attscale Sync="TRUE">0</attscale></attr><attr><attrlabl Sync="TRUE">HlthCIF</attrlabl><attalias Sync="TRUE">HlthCIF</attalias><attrtype Sync="TRUE">Integer</attrtype><attwidth Sync="TRUE">10</attwidth><atprecis Sync="TRUE">10</atprecis><attscale Sync="TRUE">0</attscale></attr><attr><attrlabl Sync="TRUE">HlthAlcSR</attrlabl><attalias Sync="TRUE">HlthAlcSR</attalias><attrtype Sync="TRUE">Integer</attrtype><attwidth Sync="TRUE">10</attwidth><atprecis Sync="TRUE">10</atprecis><attscale Sync="TRUE">0</attscale></attr><attr><attrlabl Sync="TRUE">HlthDrugSR</attrlabl><attalias Sync="TRUE">HlthDrugSR</attalias><attrtype Sync="TRUE">Integer</attrtype><attwidth Sync="TRUE">10</attwidth><atprecis Sync="TRUE">10</atprecis><attscale Sync="TRUE">0</attscale></attr><attr><attrlabl Sync="TRUE">HlthSMR</attrlabl><attalias Sync="TRUE">HlthSMR</attalias><attrtype Sync="TRUE">Integer</attrtype><attwidth Sync="TRUE">10</attwidth><atprecis Sync="TRUE">10</atprecis><attscale Sync="TRUE">0</attscale></attr><attr><attrlabl Sync="TRUE">HlthDprsPc</attrlabl><attalias Sync="TRUE">HlthDprsPc</attalias><attrtype Sync="TRUE">String</attrtype><attwidth Sync="TRUE">254</attwidth><atprecis Sync="TRUE">0</atprecis><attscale Sync="TRUE">0</attscale></attr><attr><attrlabl Sync="TRUE">HlthLBWTPc</attrlabl><attalias Sync="TRUE">HlthLBWTPc</attalias><attrtype Sync="TRUE">String</attrtype><attwidth Sync="TRUE">254</attwidth><atprecis Sync="TRUE">0</atprecis><attscale Sync="TRUE">0</attscale></attr><attr><attrlabl Sync="TRUE">HlthEmergS</attrlabl><attalias Sync="TRUE">HlthEmergS</attalias><attrtype Sync="TRUE">Integer</attrtype><attwidth Sync="TRUE">10</attwidth><atprecis Sync="TRUE">10</atprecis><attscale Sync="TRUE">0</attscale></attr><attr><attrlabl Sync="TRUE">HlthRank</attrlabl><attalias Sync="TRUE">HlthRank</attalias><attrtype Sync="TRUE">Integer</attrtype><attwidth Sync="TRUE">10</attwidth><atprecis Sync="TRUE">10</atprecis><attscale Sync="TRUE">0</attscale></attr><attr><attrlabl Sync="TRUE">EduAttend</attrlabl><attalias Sync="TRUE">EduAttend</attalias><attrtype Sync="TRUE">String</attrtype><attwidth Sync="TRUE">254</attwidth><atprecis Sync="TRUE">0</atprecis><attscale Sync="TRUE">0</attscale></attr><attr><attrlabl Sync="TRUE">EduAttain</attrlabl><attalias Sync="TRUE">EduAttain</attalias><attrtype Sync="TRUE">Double</attrtype><attwidth Sync="TRUE">19</attwidth><atprecis Sync="TRUE">0</atprecis><attscale Sync="TRUE">0</attscale></attr><attr><attrlabl Sync="TRUE">EduNoQuals</attrlabl><attalias Sync="TRUE">EduNoQuals</attalias><attrtype Sync="TRUE">Integer</attrtype><attwidth Sync="TRUE">10</attwidth><atprecis Sync="TRUE">10</atprecis><attscale Sync="TRUE">0</attscale></attr><attr><attrlabl Sync="TRUE">EduPartici</attrlabl><attalias Sync="TRUE">EduPartici</attalias><attrtype Sync="TRUE">String</attrtype><attwidth Sync="TRUE">254</attwidth><atprecis Sync="TRUE">0</atprecis><attscale Sync="TRUE">0</attscale></attr><attr><attrlabl Sync="TRUE">EduUniver</attrlabl><attalias Sync="TRUE">EduUniver</attalias><attrtype Sync="TRUE">String</attrtype><attwidth Sync="TRUE">254</attwidth><atprecis Sync="TRUE">0</atprecis><attscale Sync="TRUE">0</attscale></attr><attr><attrlabl Sync="TRUE">EduRank</attrlabl><attalias Sync="TRUE">EduRank</attalias><attrtype Sync="TRUE">Integer</attrtype><attwidth Sync="TRUE">10</attwidth><atprecis Sync="TRUE">10</atprecis><attscale Sync="TRUE">0</attscale></attr><attr><attrlabl Sync="TRUE">GAccPetrol</attrlabl><attalias Sync="TRUE">GAccPetrol</attalias><attrtype Sync="TRUE">Double</attrtype><attwidth Sync="TRUE">19</attwidth><atprecis Sync="TRUE">0</atprecis><attscale Sync="TRUE">0</attscale></attr><attr><attrlabl Sync="TRUE">GAccDTGP</attrlabl><attalias Sync="TRUE">GAccDTGP</attalias><attrtype Sync="TRUE">Double</attrtype><attwidth Sync="TRUE">19</attwidth><atprecis Sync="TRUE">0</atprecis><attscale Sync="TRUE">0</attscale></attr><attr><attrlabl Sync="TRUE">GAccDTPost</attrlabl><attalias Sync="TRUE">GAccDTPost</attalias><attrtype Sync="TRUE">Double</attrtype><attwidth Sync="TRUE">19</attwidth><atprecis Sync="TRUE">0</atprecis><attscale Sync="TRUE">0</attscale></attr><attr><attrlabl Sync="TRUE">GAccDTPsch</attrlabl><attalias Sync="TRUE">GAccDTPsch</attalias><attrtype Sync="TRUE">Double</attrtype><attwidth Sync="TRUE">19</attwidth><atprecis Sync="TRUE">0</atprecis><attscale Sync="TRUE">0</attscale></attr><attr><attrlabl Sync="TRUE">GAccDTSsch</attrlabl><attalias Sync="TRUE">GAccDTSsch</attalias><attrtype Sync="TRUE">Double</attrtype><attwidth Sync="TRUE">19</attwidth><atprecis Sync="TRUE">0</atprecis><attscale Sync="TRUE">0</attscale></attr><attr><attrlabl Sync="TRUE">GAccDTRet</attrlabl><attalias Sync="TRUE">GAccDTRet</attalias><attrtype Sync="TRUE">Double</attrtype><attwidth Sync="TRUE">19</attwidth><atprecis Sync="TRUE">0</atprecis><attscale Sync="TRUE">0</attscale></attr><attr><attrlabl Sync="TRUE">GAccPTGP</attrlabl><attalias Sync="TRUE">GAccPTGP</attalias><attrtype Sync="TRUE">Double</attrtype><attwidth Sync="TRUE">19</attwidth><atprecis Sync="TRUE">0</atprecis><attscale Sync="TRUE">0</attscale></attr><attr><attrlabl Sync="TRUE">GAccPTPost</attrlabl><attalias Sync="TRUE">GAccPTPost</attalias><attrtype Sync="TRUE">Double</attrtype><attwidth Sync="TRUE">19</attwidth><atprecis Sync="TRUE">0</atprecis><attscale Sync="TRUE">0</attscale></attr><attr><attrlabl Sync="TRUE">GAccPTRet</attrlabl><attalias Sync="TRUE">GAccPTRet</attalias><attrtype Sync="TRUE">Double</attrtype><attwidth Sync="TRUE">19</attwidth><atprecis Sync="TRUE">0</atprecis><attscale Sync="TRUE">0</attscale></attr><attr><attrlabl Sync="TRUE">GAccBrdbnd</attrlabl><attalias Sync="TRUE">GAccBrdbnd</attalias><attrtype Sync="TRUE">String</attrtype><attwidth Sync="TRUE">254</attwidth><atprecis Sync="TRUE">0</atprecis><attscale Sync="TRUE">0</attscale></attr><attr><attrlabl Sync="TRUE">GAccRank</attrlabl><attalias Sync="TRUE">GAccRank</attalias><attrtype Sync="TRUE">Integer</attrtype><attwidth Sync="TRUE">10</attwidth><atprecis Sync="TRUE">10</atprecis><attscale Sync="TRUE">0</attscale></attr><attr><attrlabl Sync="TRUE">CrimeCount</attrlabl><attalias Sync="TRUE">CrimeCount</attalias><attrtype Sync="TRUE">Integer</attrtype><attwidth Sync="TRUE">10</attwidth><atprecis Sync="TRUE">10</atprecis><attscale Sync="TRUE">0</attscale></attr><attr><attrlabl Sync="TRUE">CrimeRate</attrlabl><attalias Sync="TRUE">CrimeRate</attalias><attrtype Sync="TRUE">Integer</attrtype><attwidth Sync="TRUE">10</attwidth><atprecis Sync="TRUE">10</atprecis><attscale Sync="TRUE">0</attscale></attr><attr><attrlabl Sync="TRUE">CrimeRank</attrlabl><attalias Sync="TRUE">CrimeRank</attalias><attrtype Sync="TRUE">Double</attrtype><attwidth Sync="TRUE">19</attwidth><atprecis Sync="TRUE">0</atprecis><attscale Sync="TRUE">0</attscale></attr><attr><attrlabl Sync="TRUE">HouseNumOC</attrlabl><attalias Sync="TRUE">HouseNumOC</attalias><attrtype Sync="TRUE">Integer</attrtype><attwidth Sync="TRUE">10</attwidth><atprecis Sync="TRUE">10</atprecis><attscale Sync="TRUE">0</attscale></attr><attr><attrlabl Sync="TRUE">HouseNumNC</attrlabl><attalias Sync="TRUE">HouseNumNC</attalias><attrtype Sync="TRUE">Integer</attrtype><attwidth Sync="TRUE">10</attwidth><atprecis Sync="TRUE">10</atprecis><attscale Sync="TRUE">0</attscale></attr><attr><attrlabl Sync="TRUE">HouseOCrat</attrlabl><attalias Sync="TRUE">HouseOCrat</attalias><attrtype Sync="TRUE">String</attrtype><attwidth Sync="TRUE">254</attwidth><atprecis Sync="TRUE">0</atprecis><attscale Sync="TRUE">0</attscale></attr><attr><attrlabl Sync="TRUE">HouseNCrat</attrlabl><attalias Sync="TRUE">HouseNCrat</attalias><attrtype Sync="TRUE">String</attrtype><attwidth Sync="TRUE">254</attwidth><atprecis Sync="TRUE">0</atprecis><attscale Sync="TRUE">0</attscale></attr><attr><attrlabl Sync="TRUE">HouseRank</attrlabl><attalias Sync="TRUE">HouseRank</attalias><attrtype Sync="TRUE">Double</attrtype><attwidth Sync="TRUE">19</attwidth><atprecis Sync="TRUE">0</atprecis><attscale Sync="TRUE">0</attscale></attr><attr><attrlabl Sync="TRUE">Shape_Leng</attrlabl><attalias Sync="TRUE">Shape_Leng</attalias><attrtype Sync="TRUE">Double</attrtype><attwidth Sync="TRUE">19</attwidth><atprecis Sync="TRUE">0</atprecis><attscale Sync="TRUE">0</attscale></attr><attr><attrlabl Sync="TRUE">Shape_Area</attrlabl><attalias Sync="TRUE">Shape_Area</attalias><attrtype Sync="TRUE">Double</attrtype><attwidth Sync="TRUE">19</attwidth><atprecis Sync="TRUE">0</atprecis><attscale Sync="TRUE">0</attscale><attrdef Sync="TRUE">Area of feature in internal units squared.</attrdef><attrdefs Sync="TRUE">Esri</attrdefs><attrdomv><udom Sync="TRUE">Positive real numbers that are automatically generated.</udom></attrdomv></attr></detailed></eainfo><mdFileID>02866b0b-66e5-46ab-9b1c-d433dc3c2fae</mdFileID><mdLang><languageCode value="eng"/><countryCode value="GBR" Sync="TRUE"/></mdLang><mdChar><CharSetCd value="004"/></mdChar><mdContact xmlns=""><rpIndName>GI-SAT</rpIndName><rpOrgName>Scottish Government</rpOrgName><rpPosName>Geographic Information Science and Analysis Team</rpPosName><rpCntInfo><cntAddress><delPoint>Victoria Quay</delPoint><city>Edinburgh</city><postCode>EH6 6QQ</postCode><country>GB</country><eMailAdd>GI-SAT@gov.scot</eMailAdd></cntAddress></rpCntInfo></mdContact><mdDateSt>20200506</mdDateSt><mdStanName>ArcGIS Metadata</mdStanName><mdStanVer>1.0</mdStanVer><distInfo><distFormat><formatName>ESRI Shapefile</formatName><formatVer>1.0</formatVer></distFormat><distFormat><formatName>ESRI REST</formatName><formatVer>1.0</formatVer></distFormat><distFormat><formatName>WMS</formatName><formatVer>1.3.0</formatVer></distFormat><distFormat><formatName>WFS</formatName><formatVer>2.0.0</formatVer></distFormat><distTranOps><onLineSrc><linkage>http://sedsh127.sedsh.gov.uk/arcgis/services/ScotGov/PopulationDistribution/MapServer/WFSServer?</linkage><protocol>OGC:WFS</protocol><orName>Scottish_Index_of_Multiple_Deprivation_2020</orName><orDesc>OGC Feature Download Service</orDesc></onLineSrc><onLineSrc><linkage>http://sedsh127.sedsh.gov.uk/arcgis/rest/services/ScotGov/PopulationDistribution/MapServer/0</linkage><protocol>WWW:LINK-1.0-http--link</protocol><orName>Scottish Index Multiple Deprivation 2020</orName><orDesc>ESRI REST Service</orDesc></onLineSrc><onLineSrc><linkage>http://sedsh127.sedsh.gov.uk/Atom_data/ScotGov/PopulationDistribution/SG_PopulationDistribution.atom.en.xml</linkage><protocol>INSPIRE-ATOM</protocol><orName>Population Distribution and Demography</orName><orDesc>ATOM Download Service</orDesc></onLineSrc><onLineSrc><linkage>http://sedsh127.sedsh.gov.uk/Atom_data/ScotGov/ZippedShapefiles/SG_SIMD_2020.zip</linkage><protocol>WWW:DOWNLOAD-1.0-http--download</protocol><orName>Scottish Index of Multiple Deprivation 2020</orName><orDesc>ESRI Shapefile Download</orDesc></onLineSrc><onLineSrc><linkage>http://sedsh127.sedsh.gov.uk/arcgis/services/ScotGov/PopulationDistribution/MapServer/WMSServer?</linkage><protocol>OGC:WMS</protocol><orName>Scottish Index of Multiple Deprivation 2020</orName><orDesc>OGC View Service</orDesc></onLineSrc><transSize Sync="TRUE">51.889</transSize></distTranOps></distInfo><dataIdInfo><idCitation xmlns=""><resTitle>Scottish Index of Multiple Deprivation (SIMD) 2020</resTitle><date><pubDate>2020-01-28T00:00:00</pubDate><reviseDate>2021-10-04T00:00:00</reviseDate></date><presForm xmlns=""><PresFormCd value="005" Sync="TRUE"/></presForm></idCitation><idAbs>&lt;DIV STYLE="text-align:Left;"&gt;&lt;DIV&gt;&lt;DIV&gt;&lt;P&gt;&lt;SPAN&gt;The Scottish Index of Multiple Deprivation (SIMD) 2020 is the Scottish Government’s official tool for identifying concentrations of deprivation in Scotland. SIMD20 is the Scottish Government’s sixth edition since 2004. The Scottish Index of Multiple Deprivation (SIMD) combines seven different domains (aspects) of deprivation: income; employment; health; education, skills and training; geographic access to services; crime; and housing. These domains are measured using a number of indicators to form ranks for each domain. Data zones are ranked from 1 being most deprived to 6,976 being least deprived. Each of the seven domain ranks are then combined to form the overall SIMD. This provides a measure of relative deprivation at data zone level, so it tells you that one data zone is relatively more deprived than another but not how much more deprived.&lt;/SPAN&gt;&lt;/P&gt;&lt;/DIV&gt;&lt;/DIV&gt;&lt;/DIV&gt;</idAbs><idPoC><rpIndName>SIMD</rpIndName><rpOrgName>Scottish Government</rpOrgName><rpPosName>Communities Analytical Services</rpPosName><rpCntInfo><cntAddress><delPoint>Victoria Quay</delPoint><city>Edinburgh</city><adminArea>Scotland</adminArea><postCode>EH6 6QQ</postCode><country>GB</country><eMailAdd>simd@gov.scot</eMailAdd></cntAddress></rpCntInfo></idPoC><idPoC><rpIndName>GI-SAT</rpIndName><rpOrgName>Scottish Government</rpOrgName><rpPosName>Geographic Information Science and Analysis Team</rpPosName><rpCntInfo><cntAddress><delPoint>Victoria Quay</delPoint><city>Edinburgh</city><postCode>EH6 6QQ</postCode><country>GB</country><eMailAdd>GI-SAT@gov.scot</eMailAdd></cntAddress></rpCntInfo></idPoC><themeKeys><thesaName><resTitle>GEMET - INSPIRE themes, version 1.0</resTitle><date><pubDate>2008-06-01T00:00:00</pubDate></date><citId><identCode>geonetwork.thesaurus.external.theme.httpinspireeceuropaeutheme-theme</identCode></citId></thesaName><keyword>Population distribution — demography</keyword></themeKeys><searchKeys><keyword>Area deprivation</keyword><keyword>Population distribution — demography</keyword></searchKeys><resConst><LegConsts><othConsts>Dataset is complete for Scotland. Care should be taken when using this dataset with lookups to other postcode based geographies. Some postcode unit boundaries will have changed since data zones were created therefore exact match of the boundaries are unlikely.</othConsts><othConsts>The following attribution statement must be used to acknowledge the source of the information: Copyright Scottish Government, contains Ordnance Survey data © Crown copyright and database right (insert year)</othConsts></LegConsts></resConst><resConst><Consts><useLimit>&lt;DIV STYLE="text-align:Left;"&gt;&lt;DIV&gt;&lt;DIV&gt;&lt;P&gt;&lt;SPAN&gt;Open Government Licence&lt;/SPAN&gt;&lt;/P&gt;&lt;/DIV&gt;&lt;/DIV&gt;&lt;/DIV&gt;</useLimit></Consts></resConst><dataScale xmlns=""><equScale><rfDenom>10000</rfDenom></equScale></dataScale><dataLang><languageCode value="eng"/><countryCode value="GBR" Sync="TRUE"/></dataLang><dataExt xmlns=""><geoEle><GeoBndBox><westBL>-8.8</westBL><eastBL>-0.71</eastBL><southBL>54.63</southBL><northBL>60.87</northBL></GeoBndBox></geoEle><geoEle><GeoDesc><geoId><identAuth><resTitle>ISO3166-2</resTitle><date><pubDate>2007-12-13T00:00:00</pubDate></date></identAuth><identCode>GB-SCT</identCode></geoId></GeoDesc></geoEle></dataExt><suppInfo>http://www.gov.scot/simd</suppInfo><envirDesc Sync="TRUE"> Version 6.2 (Build 9200) ; Esri ArcGIS 10.6.0.8321</envirDesc><spatRpType><SpatRepTypCd value="001" Sync="TRUE"/></spatRpType><dataExt xmlns=""><geoEle xmlns=""><GeoBndBox esriExtentType="search"><exTypeCode Sync="TRUE">1</exTypeCode><westBL Sync="TRUE">-9.229868</westBL><eastBL Sync="TRUE">-0.705303</eastBL><northBL Sync="TRUE">60.866111</northBL><southBL Sync="TRUE">54.513372</southBL></GeoBndBox></geoEle></dataExt><dataChar><CharSetCd value="004"></CharSetCd></dataChar><tpCat><TopicCatCd value="016"/></tpCat></dataIdInfo><dqInfo><dataLineage><statement>The methodology used to construct the SIMD is based on the approach developed by Oxford University for the Scottish Indices of Deprivation in 2003. Since that publication, the Scottish Government have published indices of multiple deprivation in 2004, 2006, 2009, 2012, 2016 and 2020. Full details of the methodology used to construct the SIMD 2020 are available in the technical notes (https://www.gov.scot/collections/scottish-index-of-multiple-deprivation-2020/).</statement></dataLineage></dqInfo><refSysInfo><RefSystem><refSysID><identCode code="OSGB 1936 / British National Grid (EPSG:27700)"/><idCodeSpace>EPSG</idCodeSpace><idVersion>7.4</idVersion></refSysID></RefSystem></refSysInfo><GEMINI_Metadata><IdentificationInfo><spatialRepresentationType codeList="001"/><extent><geographicElement><westBoundLongitude>-9.229867</westBoundLongitude><eastBoundLongitude>-0.705302</eastBoundLongitude><northBoundLatitude>60.866111</northBoundLatitude><southBoundLatitude>54.513372</southBoundLatitude></geographicElement></extent></IdentificationInfo><dateStamp>20211004</dateStamp><metadataStandardName>UK GEMINI Standard</metadataStandardName><metadataStandardVersion>1.0</metadataStandardVersion><referenceSystemInfo><referenceSystemIdentifier><code>001</code></referenceSystemIdentifier></referenceSystemInfo></GEMINI_Metadata><mdHrLv><ScopeCd value="005" Sync="TRUE"/></mdHrLv><mdHrLvName Sync="TRUE">dataset</mdHrLvName><spatRepInfo><VectSpatRep><geometObjs Name="SG_SIMD_2020"><geoObjTyp><GeoObjTypCd value="002" Sync="TRUE"/></geoObjTyp><geoObjCnt Sync="TRUE">6976</geoObjCnt></geometObjs><topLvl><TopoLevCd value="001" Sync="TRUE"/></topLvl></VectSpatRep></spatRepInfo><spdoinfo><ptvctinf><esriterm Name="SG_SIMD_2020"><efeatyp Sync="TRUE">Simple</efeatyp><efeageom code="4" Sync="TRUE"/><esritopo Sync="TRUE">FALSE</esritopo><efeacnt Sync="TRUE">6976</efeacnt><spindex Sync="TRUE">FALSE</spindex><linrefer Sync="TRUE">FALSE</linrefer></esriterm></ptvctinf></spdoinfo><gmd:GEMINI_Metadata xmlns:gmd="http://www.isotc211.org/2005/gmd" xmlns:xsi="http://www.w3.org/2001/XMLSchema-instance" xmlns:gco="http://www.isotc211.org/2005/gco" xmlns:srv="http://www.isotc211.org/2005/srv" xmlns:gts="http://www.isotc211.org/2005/gts" xmlns:gml="http://www.opengis.net/gml" xmlns:xlink="http://www.w3.org/1999/xlink" xmlns:msxsl="urn:schemas-microsoft-com:xslt"><gmd:fileIdentifier><gco:CharacterString>02866b0b-66e5-46ab-9b1c-d433dc3c2fae</gco:CharacterString></gmd:fileIdentifier><gmd:hierarchyLevel><gmd:MD_ScopeCode codeList="http://standards.iso.org/ittf/PubliclyAvailableStandards/ISO_19139_Schemas/resources/Codelist/gmxCodelists.xml#MD_ScopeCode" codeListValue="dataset">Dataset</gmd:MD_ScopeCode></gmd:hierarchyLevel><gmd:dateStamp><gco:Date>2021-10-04</gco:Date></gmd:dateStamp><gmd:language><gmd:LanguageCode codeList="http://www.loc.gov/standards/iso639-2/php/code_list.php" codeListValue="eng">English</gmd:LanguageCode></gmd:language><gmd:identificationInfo><gmd:MD_DataIdentification><gmd:language><gmd:LanguageCode codeList="http://www.loc.gov/standards/iso639-2/php/code_list.php" codeListValue="eng">English</gmd:LanguageCode></gmd:language><gmd:spatialResolution><gmd:MD_Resolution><gmd:distance><gco:Distance uom="Meters">2.21984652881702E-09</gco:Distance></gmd:distance></gmd:MD_Resolution></gmd:spatialResolution><gmd:citation><gmd:CI_Citation><gmd:title><gco:CharacterString>SG_SIMD_2020</gco:CharacterString></gmd:title></gmd:CI_Citation></gmd:citation><gmd:extent><gmd:EX_Extent><gmd:verticalElement><gmd:EX_VerticalExtent><gmd:minimumValue><gco:Real>-100000.00</gco:Real></gmd:minimumValue><gmd:maximumValue><gco:Real>900719825474.10</gco:Real></gmd:maximumValue></gmd:EX_VerticalExtent></gmd:verticalElement></gmd:EX_Extent></gmd:extent></gmd:MD_DataIdentification></gmd:identificationInfo><gmd:distributionInfo><gmd:MD_Distribution><gmd:transferOptions><gmd:MD_DigitalTransferOptions><gmd:onLine><gmd:CI_OnlineResource><gmd:linkage><gmd:URL>\\s0113a\SEGIS\WorkShare\Michal\data_zones\SG_SIMD_2020\SG_SIMD_2020.shp</gmd:URL></gmd:linkage></gmd:CI_OnlineResource></gmd:onLine></gmd:MD_DigitalTransferOptions></gmd:transferOptions></gmd:MD_Distribution></gmd:distributionInfo><gmd:referenceSystemInfo><gmd:MD_ReferenceSystem><gmd:referenceSystemIdentifier><gmd:RS_Identifier><gmd:code><gco:CharacterString>Great Britain National Grid</gco:CharacterString></gmd:code></gmd:RS_Identifier></gmd:referenceSystemIdentifier></gmd:MD_ReferenceSystem></gmd:referenceSystemInfo></gmd:GEMINI_Metadata></metadata>
